order_id,food_item,food_category,order_type,payment_method,customer_type,quantity_ordered,food_price,discount,total_sales,preparation_time,order_date,delivery_date
1,Pizza,Dessert,Dine-in,Credit Card,Regular,4,17.96,2.73,15.59,13,5/17/2026,3/10/2026
2,Milk Tea,Dessert,Takeout,Cash,New,2,11.28,4.84,49.39,21,2/6/2026,5/1/2026
3,Sandwich,Beverage,Delivery,Cash,New,10,18.88,4.23,41.85,35,10/10/2026,5/19/2026
4,Sandwich,Fast Food,Takeout,Maya,New,3,13.79,2.35,47.98,16,2/17/2026,3/31/2026
5,Hotdog,Beverage,Dine-in,GCash,Member,1,5.34,3.38,19.52,19,2/18/2026,12/22/2026
6,Pizza,Dessert,Takeout,Debit Card,Regular,4,9.59,4.34,33.04,41,7/23/2026,9/27/2026
7,Fries,Snack,Dine-in,Cash,New,4,19.49,1.82,33.79,32,7/2/2026,11/28/2026
8,Pasta,Beverage,Delivery,Credit Card,New,4,6.53,0.05,40.17,59,6/27/2026,3/23/2026
9,Fried Chicken,Snack,Delivery,Debit Card,Member,10,12.78,2.5,35.02,11,9/13/2026,1/10/2026
10,Pasta,Beverage,Dine-in,GCash,Regular,4,14.69,4.86,40.15,53,7/19/2026,8/1/2026
11,Milk Tea,Dessert,Takeout,GCash,New,3,10.58,0.56,32.98,34,1/15/2026,1/15/2026
12,Burger,Dessert,Delivery,Debit Card,New,7,19.36,2.24,13.07,34,6/6/2026,9/10/2026
13,Salad,Beverage,Delivery,Maya,Regular,4,11.96,4.99,35.14,49,1/6/2026,11/14/2026
14,Burger,Main Course,Dine-in,Credit Card,Member,1,11.61,4.28,46.03,21,3/12/2026,12/17/2026
15,Fries,Main Course,Takeout,Debit Card,Member,8,5.32,2.71,33.93,50,10/15/2026,6/6/2026
16,Milk Tea,Beverage,Takeout,Maya,Regular,6,13.25,2.72,12.49,17,4/2/2026,6/15/2026
17,Pizza,Main Course,Dine-in,Cash,Member,10,17.48,1.7,38.15,33,3/18/2026,1/11/2026
18,Burger,Fast Food,Delivery,Credit Card,Regular,6,12.4,1.13,47.19,35,1/15/2026,4/23/2026
19,Pizza,Beverage,Dine-in,GCash,New,7,12.29,0.43,31.7,53,3/7/2026,6/11/2026
20,Pizza,Dessert,Delivery,Debit Card,Member,10,5.1,3.44,37.88,12,6/11/2026,10/8/2026
21,Pasta,Snack,Takeout,Credit Card,New,5,11.15,0.19,40.35,35,5/1/2026,8/16/2026
22,Salad,Dessert,Delivery,Debit Card,Member,9,19.15,0.92,40.82,33,1/15/2026,10/23/2026
23,Salad,Main Course,Delivery,Maya,New,9,9.38,2.72,17.46,37,4/6/2026,5/26/2026
24,Rice Meal,Dessert,Dine-in,Debit Card,New,4,18.29,3.83,13.72,28,9/24/2026,10/16/2026
25,Pizza,Beverage,Takeout,Debit Card,Regular,6,9.05,0.39,10.38,39,3/27/2026,8/2/2026
26,Fries,Main Course,Takeout,Debit Card,Member,2,8.59,3.19,43.61,18,4/20/2026,1/15/2026
27,Sandwich,Main Course,Delivery,Maya,Member,2,10.74,2.94,48.31,58,3/17/2026,9/30/2026
28,Fries,Beverage,Dine-in,Maya,Member,3,7.84,3.09,43.76,42,5/3/2026,4/14/2026
29,Hotdog,Beverage,Delivery,Maya,New,10,12.87,3.34,26.54,39,3/18/2026,11/5/2026
30,Burger,Fast Food,Takeout,GCash,Regular,2,11.22,1.98,23.17,45,3/27/2026,10/5/2026
31,Burger,Fast Food,Dine-in,Maya,Member,6,9.39,4.72,23.8,48,8/18/2026,2/24/2026
32,Burger,Main Course,Delivery,Debit Card,Member,6,9.89,2.73,36.23,23,1/5/2026,5/9/2026
33,Salad,Beverage,Takeout,Cash,New,6,14.53,4.88,14.13,35,11/11/2026,1/15/2026
34,Rice Meal,Dessert,Dine-in,Cash,New,4,9.53,4.71,28.33,49,7/8/2026,10/8/2026
35,Fries,Main Course,Takeout,Cash,New,1,15.37,0.5,13.07,23,7/23/2026,4/2/2026
36,Pizza,Beverage,Dine-in,Debit Card,New,5,8.48,0.46,23.72,44,8/21/2026,10/16/2026
37,Milk Tea,Main Course,Takeout,Maya,Member,5,10.67,3.08,45.37,55,11/6/2026,11/1/2026
38,Pizza,Fast Food,Delivery,Debit Card,Member,3,19.1,0.71,44.74,41,12/19/2026,8/24/2026
39,Milk Tea,Fast Food,Delivery,Cash,Member,4,11.49,3.37,28.46,28,6/28/2026,11/15/2026
40,Fried Chicken,Dessert,Takeout,Cash,Member,4,13.36,4.39,29.17,39,3/27/2026,1/11/2026
41,Fries,Snack,Dine-in,Maya,New,1,10.65,1.46,24.23,43,12/12/2026,8/6/2026
42,Milk Tea,Main Course,Delivery,Credit Card,New,10,5.2,0.84,13.37,12,8/3/2026,4/25/2026
43,Burger,Beverage,Takeout,Credit Card,Member,5,11.79,4.3,31.93,39,4/11/2026,12/4/2026
44,Hotdog,Fast Food,Takeout,GCash,Member,9,11.74,3.05,41.04,36,8/1/2026,6/12/2026
45,Salad,Fast Food,Delivery,Cash,Member,6,17.53,0.37,19.94,24,3/5/2026,12/26/2026
46,Pizza,Fast Food,Takeout,Debit Card,Regular,2,11.66,4.09,12.44,50,3/22/2026,11/22/2026
47,Fried Chicken,Dessert,Delivery,GCash,New,6,15.55,2.96,28.15,15,12/11/2026,12/20/2026
48,Pizza,Beverage,Delivery,Debit Card,Regular,5,6.17,4.14,47.27,44,8/18/2026,10/9/2026
49,Burger,Main Course,Delivery,Debit Card,New,3,8.79,2.25,30.32,33,8/3/2026,2/1/2026
50,Pizza,Fast Food,Takeout,Credit Card,New,3,7.61,4.06,25.59,37,10/3/2026,1/11/2026
51,Fries,Fast Food,Takeout,Cash,Regular,9,14.54,2.85,17.41,16,9/7/2026,2/27/2026
52,Pasta,Fast Food,Takeout,Cash,Member,1,19.02,4.88,48.39,43,11/14/2026,8/18/2026
53,Salad,Dessert,Dine-in,Cash,Regular,4,5.98,1.37,30.3,15,12/22/2026,5/19/2026
54,Salad,Main Course,Dine-in,Debit Card,Regular,10,14.26,2.43,13.27,55,11/4/2026,10/13/2026
55,Rice Meal,Dessert,Delivery,GCash,Member,5,18.41,4.01,30.99,38,7/1/2026,6/15/2026
56,Milk Tea,Main Course,Takeout,Credit Card,Regular,5,9.96,1.15,11.27,25,6/25/2026,2/10/2026
57,Fried Chicken,Dessert,Takeout,Cash,Regular,5,19.4,0.07,15.38,10,5/29/2026,12/23/2026
58,Burger,Main Course,Takeout,Cash,Member,7,18.42,1.51,31.12,50,6/25/2026,2/7/2026
59,Salad,Snack,Dine-in,Credit Card,New,1,5.47,4.47,15.09,16,7/8/2026,12/20/2026
60,Burger,Fast Food,Takeout,GCash,Member,8,19.23,2.69,31.45,37,7/10/2026,12/28/2026
61,Burger,Main Course,Takeout,GCash,Member,1,18.83,4.04,39.95,39,10/16/2026,12/8/2026
62,Salad,Beverage,Takeout,Cash,Regular,8,7.7,4.1,40.39,12,9/17/2026,8/19/2026
63,Burger,Fast Food,Delivery,GCash,Member,7,7.15,1.32,44.1,18,3/22/2026,5/31/2026
64,Milk Tea,Dessert,Delivery,Debit Card,Regular,5,9.17,3.3,30.94,35,12/28/2026,6/27/2026
65,Sandwich,Snack,Takeout,Debit Card,Regular,4,13.85,4.15,18.9,36,3/26/2026,4/5/2026
66,Burger,Dessert,Dine-in,Cash,Regular,7,11.61,1.26,10.82,35,1/30/2026,4/28/2026
67,Hotdog,Dessert,Delivery,Debit Card,New,2,11.01,0.93,12.91,17,11/4/2026,6/11/2026
68,Milk Tea,Beverage,Delivery,Maya,Member,8,7.19,4.88,49.82,35,11/25/2026,8/28/2026
69,Pizza,Beverage,Dine-in,Debit Card,Regular,7,9.9,1.72,49.17,12,11/25/2026,1/7/2026
70,Rice Meal,Main Course,Dine-in,Debit Card,Regular,4,12.53,3.21,46.12,59,1/5/2026,1/23/2026
71,Burger,Dessert,Takeout,Cash,New,4,14.89,0.02,10.21,50,8/20/2026,3/22/2026
72,Burger,Main Course,Takeout,Cash,Regular,1,11.58,4.25,46.58,49,4/8/2026,12/24/2026
73,Fries,Dessert,Delivery,Maya,Member,5,6.83,3.21,44.38,20,3/14/2026,10/1/2026
74,Burger,Fast Food,Takeout,Credit Card,New,5,5.77,3.12,28.98,14,5/21/2026,7/25/2026
75,Fried Chicken,Beverage,Dine-in,Credit Card,New,2,5.14,2.36,11.67,18,6/6/2026,2/27/2026
76,Salad,Snack,Delivery,Credit Card,New,4,12.49,4.32,38.66,44,2/17/2026,7/28/2026
77,Burger,Snack,Dine-in,Debit Card,Member,3,13.73,2.35,43.8,40,9/23/2026,11/21/2026
78,Fries,Beverage,Takeout,Credit Card,Member,1,17.71,1.49,33.47,22,1/1/2026,5/20/2026
79,Fries,Beverage,Takeout,Cash,Regular,6,18.87,3.55,18.53,25,10/26/2026,5/30/2026
80,Fried Chicken,Beverage,Takeout,Credit Card,New,8,12.7,2.95,13.92,48,8/28/2026,2/19/2026
81,Rice Meal,Fast Food,Dine-in,Debit Card,Member,3,18.63,4.93,31.72,34,10/27/2026,2/11/2026
82,Pasta,Snack,Takeout,Debit Card,Regular,6,11.99,0.08,31.3,15,4/16/2026,11/24/2026
83,Rice Meal,Snack,Delivery,Cash,Regular,3,10.58,1.34,49.22,29,4/6/2026,1/28/2026
84,Pasta,Dessert,Takeout,GCash,Regular,10,8.69,3.17,29.13,24,3/17/2026,11/18/2026
85,Milk Tea,Snack,Takeout,Maya,Member,8,7.58,3.01,35.13,27,8/23/2026,1/6/2026
86,Fried Chicken,Fast Food,Dine-in,GCash,New,2,14.61,3.79,30.13,17,9/28/2026,12/11/2026
87,Hotdog,Fast Food,Takeout,Credit Card,Member,6,12.73,4.6,36.12,42,12/18/2026,9/7/2026
88,Milk Tea,Snack,Takeout,Credit Card,Regular,3,11.12,4.87,14.83,55,8/18/2026,12/11/2026
89,Milk Tea,Snack,Delivery,Debit Card,New,6,6.15,2.05,28.86,30,10/15/2026,5/19/2026
90,Pasta,Fast Food,Dine-in,Cash,Member,8,15.57,1.31,22.16,48,7/29/2026,1/11/2026
91,Pizza,Main Course,Dine-in,Debit Card,Member,10,19.6,4.06,43.08,31,10/10/2026,11/3/2026
92,Fried Chicken,Dessert,Delivery,Debit Card,New,1,5.33,1.05,18.94,30,1/30/2026,2/7/2026
93,Pasta,Main Course,Delivery,Cash,Regular,1,6.65,4.77,13.15,25,10/11/2026,11/30/2026
94,Rice Meal,Fast Food,Takeout,Credit Card,Regular,6,9.89,3.56,49.76,41,1/16/2026,4/25/2026
95,Fries,Main Course,Delivery,GCash,New,6,14.96,0.55,26.58,18,1/27/2026,7/28/2026
96,Pizza,Beverage,Delivery,GCash,Member,10,16.64,4.63,44.93,43,7/3/2026,6/7/2026
97,Sandwich,Beverage,Dine-in,Credit Card,New,6,18.06,4.71,18.65,24,5/2/2026,7/9/2026
98,Salad,Snack,Dine-in,Maya,Regular,1,7.06,0.12,44.78,15,5/6/2026,4/19/2026
99,Salad,Main Course,Takeout,Credit Card,Regular,1,16.98,2.77,30.22,52,10/8/2026,1/30/2026
100,Fried Chicken,Snack,Delivery,Maya,New,4,10.56,3.98,48.73,58,4/10/2026,11/3/2026
101,Fried Chicken,Main Course,Delivery,Maya,Regular,2,9.89,3.49,27.44,17,10/28/2026,10/10/2026
102,Pasta,Main Course,Dine-in,GCash,Regular,6,17.37,1.17,38.59,40,10/23/2026,9/6/2026
103,Fried Chicken,Snack,Dine-in,Maya,New,5,10.99,3.22,16.1,24,7/7/2026,9/15/2026
104,Fries,Fast Food,Dine-in,Cash,Member,3,19.51,0.38,13.75,51,8/17/2026,11/25/2026
105,Salad,Beverage,Takeout,Cash,Member,1,9.35,0.64,24.63,52,3/4/2026,10/5/2026
106,Milk Tea,Beverage,Delivery,Credit Card,Regular,1,7.33,1.4,15.8,39,11/19/2026,4/4/2026
107,Pizza,Dessert,Dine-in,Credit Card,Member,7,11.4,0.66,24.99,26,2/24/2026,10/7/2026
108,Fries,Snack,Takeout,Credit Card,Member,3,10.02,2.58,32.15,33,4/16/2026,11/7/2026
109,Rice Meal,Dessert,Delivery,Debit Card,Regular,1,19.97,2.23,26.37,35,3/27/2026,10/19/2026
110,Pizza,Beverage,Delivery,GCash,Regular,7,17.96,0.85,35.58,11,10/7/2026,11/14/2026
111,Pizza,Fast Food,Takeout,Maya,Regular,3,9.65,4.83,18.34,39,9/18/2026,3/12/2026
112,Sandwich,Fast Food,Dine-in,Debit Card,New,8,8.39,0.67,32.02,11,1/10/2026,8/1/2026
113,Rice Meal,Fast Food,Dine-in,Maya,Member,10,15.21,4.56,24.53,27,9/30/2026,2/4/2026
114,Sandwich,Main Course,Dine-in,Credit Card,Regular,10,11.33,4.73,36.54,15,7/27/2026,11/17/2026
115,Fries,Main Course,Delivery,Debit Card,New,1,5.39,4.22,42.51,27,11/8/2026,4/16/2026
116,Hotdog,Snack,Delivery,Cash,Regular,3,10.94,1.23,35.77,40,12/25/2026,10/8/2026
117,Salad,Beverage,Dine-in,Debit Card,Regular,7,17.48,3.57,32.1,21,9/18/2026,1/10/2026
118,Burger,Beverage,Takeout,Credit Card,Regular,1,8.5,4.97,49.5,39,7/28/2026,1/6/2026
119,Salad,Fast Food,Delivery,Credit Card,New,4,15.51,1.57,45.28,25,5/6/2026,6/15/2026
120,Salad,Beverage,Dine-in,Cash,Member,9,17.26,3.95,40.31,29,11/25/2026,7/23/2026
121,Fries,Dessert,Dine-in,Credit Card,Regular,3,14.59,3.88,41.04,21,4/30/2026,9/2/2026
122,Milk Tea,Snack,Dine-in,Cash,Regular,1,9.2,1.08,48.72,18,4/11/2026,9/3/2026
123,Fries,Beverage,Delivery,Credit Card,Regular,8,9.25,3.02,36.94,41,5/5/2026,1/12/2026
124,Fried Chicken,Snack,Takeout,GCash,New,3,7.99,1.08,20.55,45,7/11/2026,7/25/2026
125,Fries,Beverage,Takeout,Cash,Regular,2,14.87,4.71,48.42,10,3/9/2026,2/18/2026
126,Pizza,Snack,Dine-in,Maya,Member,5,10.88,1.34,22.15,59,3/1/2026,6/24/2026
127,Hotdog,Snack,Takeout,Debit Card,Regular,10,17.8,1.31,11.84,47,9/2/2026,11/20/2026
128,Salad,Main Course,Takeout,GCash,Member,2,19.46,2.05,23.21,41,4/19/2026,8/23/2026
129,Salad,Dessert,Takeout,GCash,New,3,13.77,0.17,41.38,21,12/24/2026,3/13/2026
130,Fries,Snack,Dine-in,Cash,Member,7,9.66,3.43,27.33,28,1/14/2026,7/9/2026
131,Pizza,Fast Food,Takeout,Debit Card,Member,10,13.08,2.51,12.95,54,6/10/2026,5/10/2026
132,Pizza,Dessert,Takeout,Maya,Regular,1,12.24,4.97,14.27,16,12/3/2026,7/17/2026
133,Sandwich,Beverage,Delivery,Debit Card,Member,9,5.75,0.31,36.76,44,9/26/2026,11/3/2026
134,Salad,Beverage,Dine-in,Debit Card,Regular,8,13.6,1.91,46.93,35,9/16/2026,5/31/2026
135,Salad,Snack,Takeout,Credit Card,New,8,14.87,2.94,33.09,43,8/24/2026,3/5/2026
136,Fried Chicken,Beverage,Delivery,Debit Card,Regular,4,9.76,2.01,27.88,30,12/1/2026,10/15/2026
137,Fries,Main Course,Takeout,Maya,Regular,5,12.12,2.46,22.1,11,12/9/2026,5/11/2026
138,Pasta,Beverage,Dine-in,Maya,Member,6,17.56,4.97,48.82,24,7/7/2026,5/24/2026
139,Rice Meal,Beverage,Dine-in,GCash,Regular,8,15.08,3.66,44.53,58,9/7/2026,6/7/2026
140,Hotdog,Beverage,Dine-in,Cash,New,1,9.22,3.25,44.29,50,7/31/2026,9/16/2026
141,Fries,Main Course,Takeout,Cash,Member,2,13.51,4.07,23.42,28,12/5/2026,12/2/2026
142,Milk Tea,Dessert,Takeout,Debit Card,Member,6,8.41,3.17,46.25,42,2/2/2026,1/3/2026
143,Rice Meal,Main Course,Takeout,Credit Card,Regular,9,9.78,0.13,19.39,40,2/7/2026,4/19/2026
144,Fried Chicken,Main Course,Takeout,Maya,Regular,1,10.71,2.25,16.52,26,7/10/2026,9/29/2026
145,Burger,Dessert,Delivery,Cash,New,8,19.46,2.96,40.03,21,7/20/2026,6/27/2026
146,Pizza,Fast Food,Takeout,Debit Card,Regular,1,19.2,0.15,39.4,17,7/13/2026,8/13/2026
147,Milk Tea,Fast Food,Takeout,Debit Card,Member,4,5.61,0.43,45.95,52,10/29/2026,1/21/2026
148,Rice Meal,Main Course,Delivery,Credit Card,Regular,1,6.65,4.04,11.93,24,7/7/2026,7/15/2026
149,Sandwich,Beverage,Delivery,GCash,Member,3,10.0,4.54,17.72,32,3/29/2026,8/19/2026
150,Milk Tea,Snack,Dine-in,Credit Card,Regular,6,17.69,2.79,44.99,22,4/2/2026,6/18/2026
151,Hotdog,Snack,Takeout,Debit Card,New,6,7.79,0.38,33.86,45,12/1/2026,3/3/2026
152,Sandwich,Snack,Dine-in,Credit Card,New,8,10.55,2.36,14.31,35,10/11/2026,12/3/2026
153,Pasta,Main Course,Delivery,Credit Card,Regular,6,11.63,3.47,42.84,58,12/12/2026,2/4/2026
154,Rice Meal,Dessert,Delivery,GCash,Member,8,10.63,1.77,25.15,47,8/5/2026,4/11/2026
155,Hotdog,Fast Food,Takeout,Credit Card,Regular,6,13.7,3.76,42.09,11,9/3/2026,2/19/2026
156,Hotdog,Main Course,Delivery,Debit Card,Member,7,7.81,2.68,22.11,11,5/31/2026,5/12/2026
157,Sandwich,Main Course,Delivery,Cash,Regular,10,5.69,3.5,45.81,42,2/24/2026,5/27/2026
158,Fries,Snack,Takeout,GCash,Regular,3,8.06,0.85,30.07,56,10/19/2026,8/29/2026
159,Burger,Dessert,Takeout,GCash,Regular,3,18.11,4.13,47.43,52,7/16/2026,11/27/2026
160,Rice Meal,Snack,Delivery,Debit Card,Regular,7,10.86,3.38,10.92,23,12/20/2026,2/5/2026
161,Salad,Main Course,Dine-in,Cash,Regular,4,11.35,4.91,48.68,20,12/18/2026,4/1/2026
162,Salad,Beverage,Takeout,GCash,Member,10,17.4,2.97,49.85,27,5/19/2026,8/12/2026
163,Fried Chicken,Main Course,Dine-in,Debit Card,Member,7,6.47,3.66,37.38,28,10/5/2026,12/19/2026
164,Milk Tea,Beverage,Takeout,GCash,Regular,7,11.71,1.03,29.8,10,7/29/2026,4/25/2026
165,Sandwich,Main Course,Takeout,Maya,New,2,15.99,1.62,37.72,48,7/1/2026,1/14/2026
166,Pizza,Main Course,Delivery,Cash,New,4,10.57,4.35,45.16,38,4/13/2026,12/2/2026
167,Pasta,Beverage,Dine-in,Maya,Member,3,18.63,2.66,40.81,58,5/27/2026,9/23/2026
168,Fried Chicken,Snack,Dine-in,Maya,Regular,5,14.39,1.42,18.45,24,6/10/2026,12/25/2026
169,Sandwich,Fast Food,Dine-in,Maya,Regular,1,12.99,0.65,15.12,43,10/22/2026,5/24/2026
170,Milk Tea,Main Course,Delivery,Debit Card,New,7,17.99,4.84,10.01,47,10/27/2026,5/4/2026
171,Pasta,Snack,Dine-in,GCash,Member,8,13.61,0.72,42.95,50,9/2/2026,5/7/2026
172,Hotdog,Fast Food,Dine-in,Credit Card,New,6,18.23,1.47,16.57,29,9/18/2026,6/6/2026
173,Sandwich,Dessert,Takeout,Credit Card,Member,10,5.11,4.82,34.59,53,12/11/2026,7/31/2026
174,Milk Tea,Dessert,Dine-in,Cash,Member,10,18.26,3.06,49.56,35,1/29/2026,4/2/2026
175,Pasta,Dessert,Dine-in,Cash,Regular,6,10.18,0.95,26.54,54,4/18/2026,8/18/2026
176,Rice Meal,Dessert,Dine-in,GCash,New,4,5.12,1.63,39.94,38,9/9/2026,3/24/2026
177,Fried Chicken,Dessert,Takeout,Cash,Regular,1,14.29,4.55,17.2,11,3/7/2026,2/8/2026
178,Rice Meal,Beverage,Dine-in,GCash,Member,10,12.71,2.97,30.74,44,7/9/2026,1/9/2026
179,Pizza,Snack,Delivery,Maya,New,8,15.8,3.25,20.64,35,12/22/2026,1/29/2026
180,Fries,Snack,Takeout,Cash,Regular,4,11.14,2.19,37.9,29,6/22/2026,8/23/2026
181,Pizza,Dessert,Dine-in,Debit Card,Member,7,7.31,3.73,33.94,29,4/4/2026,12/5/2026
182,Rice Meal,Dessert,Dine-in,Credit Card,New,7,18.47,2.04,12.82,46,6/2/2026,7/2/2026
183,Rice Meal,Dessert,Takeout,Debit Card,New,7,9.13,1.14,30.95,52,11/20/2026,1/5/2026
184,Milk Tea,Main Course,Dine-in,Credit Card,Regular,7,10.69,3.56,40.65,34,10/23/2026,8/1/2026
185,Salad,Snack,Dine-in,Cash,Member,4,15.03,0.12,19.98,14,9/21/2026,11/12/2026
186,Fries,Snack,Dine-in,Debit Card,Member,6,17.72,2.96,14.01,25,11/26/2026,2/20/2026
187,Fried Chicken,Fast Food,Takeout,Credit Card,New,9,14.84,1.25,40.46,21,10/2/2026,10/28/2026
188,Hotdog,Snack,Dine-in,GCash,New,4,15.49,3.46,25.74,16,11/26/2026,12/16/2026
189,Salad,Dessert,Dine-in,Cash,Regular,4,11.77,1.47,11.9,19,3/21/2026,7/11/2026
190,Milk Tea,Main Course,Takeout,GCash,Member,10,18.32,0.29,27.87,37,1/14/2026,2/16/2026
191,Pizza,Main Course,Takeout,Cash,Regular,1,15.86,4.28,43.81,38,8/7/2026,6/30/2026
192,Hotdog,Main Course,Delivery,Cash,New,1,15.69,1.21,25.28,54,2/1/2026,10/30/2026
193,Salad,Fast Food,Dine-in,Debit Card,Regular,10,13.52,0.22,48.61,49,11/5/2026,2/22/2026
194,Pasta,Beverage,Dine-in,Maya,New,3,7.55,1.77,12.7,55,3/7/2026,2/8/2026
195,Pizza,Main Course,Delivery,GCash,New,7,14.68,4.57,35.85,25,8/17/2026,5/26/2026
196,Pizza,Fast Food,Delivery,Maya,Regular,3,19.76,0.16,25.05,40,9/20/2026,8/23/2026
197,Hotdog,Dessert,Dine-in,Maya,New,7,14.77,1.94,18.66,26,1/22/2026,5/12/2026
198,Fried Chicken,Dessert,Dine-in,Credit Card,New,4,9.77,0.34,17.28,24,5/1/2026,1/6/2026
199,Fries,Fast Food,Takeout,GCash,Regular,7,18.0,2.55,33.84,19,6/24/2026,2/19/2026
200,Salad,Beverage,Takeout,Cash,New,4,17.4,0.76,22.81,35,3/25/2026,6/10/2026
201,Rice Meal,Beverage,Takeout,Maya,Member,8,8.28,3.78,38.59,29,10/11/2026,6/12/2026
202,Salad,Dessert,Dine-in,Cash,Regular,10,9.36,0.22,49.11,51,1/15/2026,10/11/2026
203,Milk Tea,Fast Food,Takeout,Debit Card,New,9,9.45,4.06,15.25,20,3/27/2026,5/13/2026
204,Hotdog,Main Course,Delivery,Debit Card,Member,5,14.21,4.69,49.44,18,4/25/2026,9/29/2026
205,Hotdog,Main Course,Delivery,Cash,New,3,19.91,4.36,12.48,36,1/18/2026,7/9/2026
206,Rice Meal,Snack,Delivery,Credit Card,New,5,18.74,4.29,25.83,34,3/25/2026,2/10/2026
207,Pizza,Dessert,Dine-in,Cash,Regular,4,7.21,2.04,44.76,57,7/5/2026,7/25/2026
208,Pizza,Snack,Delivery,Cash,New,1,12.51,1.19,33.44,42,3/2/2026,4/9/2026
209,Pizza,Fast Food,Delivery,GCash,New,6,8.25,3.52,17.2,37,8/18/2026,7/10/2026
210,Rice Meal,Beverage,Delivery,GCash,Regular,2,17.67,4.99,11.3,19,10/23/2026,12/14/2026
211,Salad,Fast Food,Delivery,Cash,New,9,6.39,1.26,43.17,55,3/31/2026,5/5/2026
212,Burger,Beverage,Dine-in,Maya,Member,6,16.23,0.57,22.5,45,3/11/2026,5/31/2026
213,Fried Chicken,Main Course,Delivery,Maya,New,1,13.62,0.47,33.34,39,11/27/2026,2/21/2026
214,Rice Meal,Fast Food,Takeout,Maya,Regular,1,16.19,4.85,13.68,40,5/19/2026,8/17/2026
215,Salad,Dessert,Delivery,Maya,Member,2,17.58,1.36,36.48,17,12/7/2026,8/4/2026
216,Sandwich,Main Course,Dine-in,Debit Card,New,9,16.92,0.18,11.36,33,5/1/2026,8/3/2026
217,Sandwich,Snack,Delivery,Cash,Member,3,8.0,3.73,18.95,40,9/11/2026,3/24/2026
218,Hotdog,Fast Food,Dine-in,Debit Card,Regular,2,5.54,1.8,24.19,46,10/29/2026,12/30/2026
219,Pizza,Snack,Dine-in,Credit Card,Member,5,7.25,0.88,14.2,29,11/22/2026,2/23/2026
220,Rice Meal,Beverage,Dine-in,Credit Card,Regular,9,14.48,4.33,40.52,26,10/15/2026,7/3/2026
221,Fried Chicken,Snack,Dine-in,GCash,Regular,4,18.39,3.71,44.68,31,9/12/2026,5/22/2026
222,Sandwich,Fast Food,Dine-in,Cash,Regular,2,18.69,4.01,35.97,53,8/20/2026,10/26/2026
223,Rice Meal,Dessert,Dine-in,Maya,Member,1,17.66,0.65,20.79,18,10/21/2026,4/27/2026
224,Fries,Snack,Delivery,Debit Card,Regular,6,11.0,4.73,17.7,54,7/28/2026,10/27/2026
225,Burger,Fast Food,Delivery,GCash,Member,5,16.02,0.54,15.2,39,10/17/2026,6/8/2026
226,Fried Chicken,Dessert,Dine-in,GCash,Member,6,16.24,1.77,38.37,54,6/13/2026,1/25/2026
227,Rice Meal,Dessert,Takeout,Credit Card,Regular,10,10.14,3.1,21.57,29,10/2/2026,5/9/2026
228,Burger,Fast Food,Delivery,Maya,Member,5,13.45,2.5,13.18,47,7/27/2026,7/1/2026
229,Salad,Beverage,Takeout,GCash,Regular,9,5.75,0.97,18.26,36,3/8/2026,4/28/2026
230,Fried Chicken,Beverage,Delivery,GCash,New,8,19.49,2.76,48.4,35,5/27/2026,10/11/2026
231,Sandwich,Fast Food,Dine-in,Debit Card,Member,10,19.13,4.62,31.08,47,3/21/2026,1/10/2026
232,Milk Tea,Snack,Dine-in,Credit Card,New,6,13.26,3.04,10.47,53,4/20/2026,10/8/2026
233,Fries,Dessert,Dine-in,Credit Card,New,5,13.43,1.44,32.45,26,1/31/2026,9/5/2026
234,Fries,Main Course,Takeout,Debit Card,Regular,6,16.32,3.39,28.87,23,1/8/2026,12/26/2026
235,Pizza,Beverage,Delivery,GCash,Regular,1,16.09,3.05,23.4,48,2/20/2026,3/22/2026
236,Salad,Main Course,Delivery,Credit Card,New,9,6.21,4.02,14.74,37,2/13/2026,10/28/2026
237,Rice Meal,Main Course,Delivery,Debit Card,New,10,10.85,3.29,29.33,31,3/9/2026,3/31/2026
238,Salad,Fast Food,Dine-in,GCash,New,6,6.47,1.53,42.82,35,10/15/2026,8/12/2026
239,Salad,Fast Food,Delivery,Maya,New,1,17.07,0.52,40.12,22,5/7/2026,2/6/2026
240,Fried Chicken,Snack,Takeout,Maya,Member,8,11.49,4.25,30.76,47,1/30/2026,9/8/2026
241,Fried Chicken,Snack,Delivery,Cash,New,4,5.67,3.83,22.95,25,3/27/2026,2/3/2026
242,Burger,Beverage,Delivery,Credit Card,Member,7,19.17,3.27,42.49,25,6/25/2026,9/16/2026
243,Burger,Dessert,Delivery,GCash,New,4,10.36,2.63,12.26,31,6/29/2026,6/18/2026
244,Pizza,Beverage,Delivery,Maya,Member,4,8.74,2.14,24.22,58,2/19/2026,12/21/2026
245,Salad,Snack,Dine-in,Debit Card,New,1,19.08,1.94,15.78,43,4/16/2026,1/4/2026
246,Burger,Main Course,Delivery,Debit Card,Regular,9,15.41,2.09,46.47,30,6/28/2026,2/18/2026
247,Sandwich,Snack,Dine-in,Maya,New,5,19.72,1.62,38.69,28,5/16/2026,5/7/2026
248,Hotdog,Fast Food,Delivery,Cash,Regular,3,11.02,2.87,19.68,34,11/16/2026,5/1/2026
249,Fries,Dessert,Takeout,GCash,New,10,14.26,4.53,12.11,54,11/26/2026,10/13/2026
250,Burger,Main Course,Delivery,Credit Card,Member,5,7.34,1.8,19.01,38,5/19/2026,12/6/2026
251,Fries,Snack,Dine-in,Cash,New,2,16.29,2.91,37.64,32,3/17/2026,2/13/2026
252,Hotdog,Snack,Delivery,Cash,New,8,8.73,3.24,43.25,51,2/3/2026,8/2/2026
253,Pasta,Beverage,Dine-in,GCash,Regular,7,14.3,1.24,15.41,32,5/17/2026,5/19/2026
254,Fries,Fast Food,Dine-in,GCash,Member,7,15.37,3.37,16.72,58,3/9/2026,11/14/2026
255,Burger,Beverage,Takeout,Cash,New,9,16.89,3.19,24.98,51,10/5/2026,8/26/2026
256,Salad,Dessert,Delivery,Debit Card,Regular,1,5.75,0.55,49.04,13,2/2/2026,10/21/2026
257,Sandwich,Main Course,Delivery,Maya,Member,2,14.43,0.21,30.14,52,2/19/2026,4/23/2026
258,Milk Tea,Fast Food,Dine-in,Cash,Member,1,15.14,4.88,33.41,55,9/25/2026,5/8/2026
259,Fried Chicken,Fast Food,Dine-in,Credit Card,Regular,6,7.18,4.93,17.67,17,4/12/2026,4/4/2026
260,Rice Meal,Snack,Dine-in,Cash,Member,8,18.63,0.66,31.87,52,3/8/2026,8/18/2026
261,Pizza,Snack,Takeout,Credit Card,Member,7,8.71,3.72,31.22,42,4/27/2026,8/19/2026
262,Milk Tea,Dessert,Delivery,GCash,Regular,6,9.03,2.97,37.48,18,9/30/2026,4/5/2026
263,Hotdog,Beverage,Dine-in,Cash,Member,5,19.36,0.98,14.34,21,8/9/2026,7/12/2026
264,Burger,Dessert,Dine-in,Credit Card,Member,6,8.8,4.18,34.14,13,12/2/2026,11/29/2026
265,Salad,Dessert,Delivery,Debit Card,Regular,7,10.84,3.87,41.51,46,3/13/2026,5/7/2026
266,Milk Tea,Fast Food,Delivery,Credit Card,New,9,8.67,2.65,30.65,50,2/5/2026,6/10/2026
267,Fried Chicken,Main Course,Delivery,GCash,Member,2,14.94,4.85,41.13,54,7/29/2026,12/26/2026
268,Pasta,Dessert,Takeout,Maya,New,10,19.3,0.02,35.13,58,7/20/2026,1/17/2026
269,Pasta,Fast Food,Dine-in,Maya,New,1,9.61,3.6,37.3,41,7/15/2026,7/9/2026
270,Pasta,Main Course,Takeout,Debit Card,Regular,2,15.63,1.78,43.19,41,12/26/2026,3/9/2026
271,Sandwich,Snack,Delivery,Maya,Member,3,7.34,1.61,27.98,40,4/25/2026,12/19/2026
272,Fries,Beverage,Dine-in,Debit Card,New,7,5.72,1.09,33.35,42,1/10/2026,5/3/2026
273,Pasta,Beverage,Dine-in,Debit Card,New,1,16.94,1.16,39.62,51,8/3/2026,8/14/2026
274,Burger,Beverage,Takeout,Cash,Member,6,19.8,4.78,26.45,28,8/20/2026,4/6/2026
275,Fried Chicken,Dessert,Takeout,Debit Card,Regular,9,5.11,3.13,45.1,32,5/8/2026,7/28/2026
276,Milk Tea,Fast Food,Dine-in,Maya,Member,9,11.44,0.32,17.07,13,9/17/2026,8/23/2026
277,Milk Tea,Fast Food,Takeout,Cash,Regular,5,15.08,4.48,36.35,33,11/1/2026,11/26/2026
278,Fries,Fast Food,Takeout,Debit Card,Member,6,7.04,1.39,31.7,57,6/4/2026,11/6/2026
279,Sandwich,Snack,Dine-in,Credit Card,Regular,8,19.46,4.94,10.3,50,9/30/2026,12/29/2026
280,Fried Chicken,Beverage,Dine-in,Debit Card,New,3,11.66,0.5,45.84,59,3/8/2026,3/12/2026
281,Salad,Snack,Dine-in,Credit Card,Regular,5,8.81,3.84,20.63,56,8/24/2026,7/29/2026
282,Pasta,Dessert,Dine-in,GCash,New,4,5.66,2.43,34.28,17,4/24/2026,7/1/2026
283,Fried Chicken,Snack,Dine-in,GCash,Regular,7,15.51,1.71,41.3,12,9/21/2026,7/14/2026
284,Hotdog,Main Course,Dine-in,GCash,New,7,19.75,0.11,35.72,51,5/9/2026,2/12/2026
285,Burger,Main Course,Delivery,Debit Card,Regular,9,6.58,0.53,39.12,30,9/14/2026,1/3/2026
286,Sandwich,Beverage,Dine-in,Maya,Member,10,16.51,2.01,43.14,12,6/23/2026,12/9/2026
287,Fried Chicken,Main Course,Dine-in,Cash,Regular,8,19.82,1.82,41.78,24,2/27/2026,1/1/2026
288,Milk Tea,Dessert,Delivery,Cash,Regular,10,7.51,1.76,10.19,26,10/20/2026,9/2/2026
289,Pizza,Beverage,Dine-in,Credit Card,Member,5,16.66,0.49,19.15,46,10/29/2026,3/5/2026
290,Salad,Beverage,Takeout,GCash,Regular,7,8.93,1.4,46.61,43,6/30/2026,10/20/2026
291,Rice Meal,Fast Food,Takeout,Maya,Regular,4,17.5,2.71,16.85,17,10/7/2026,9/3/2026
292,Fried Chicken,Main Course,Takeout,Debit Card,Regular,9,5.74,4.32,11.08,46,9/15/2026,3/27/2026
293,Burger,Dessert,Delivery,Credit Card,Regular,1,8.05,4.46,16.08,55,3/24/2026,3/16/2026
294,Fried Chicken,Dessert,Delivery,Debit Card,Member,10,12.51,4.96,13.61,24,9/8/2026,10/19/2026
295,Sandwich,Dessert,Dine-in,Debit Card,New,1,8.07,2.58,49.9,56,7/1/2026,7/11/2026
296,Fried Chicken,Snack,Dine-in,Maya,Regular,1,14.35,1.22,42.03,16,2/13/2026,2/7/2026
297,Burger,Dessert,Dine-in,GCash,Regular,8,16.97,4.26,24.12,23,4/28/2026,11/7/2026
298,Sandwich,Beverage,Takeout,Maya,Regular,3,7.23,2.48,48.38,41,10/19/2026,8/21/2026
299,Hotdog,Fast Food,Dine-in,Credit Card,Member,7,13.4,2.01,28.04,13,8/28/2026,6/10/2026
300,Sandwich,Dessert,Takeout,Maya,New,10,11.72,3.9,25.04,22,8/29/2026,8/27/2026
301,Milk Tea,Fast Food,Delivery,Cash,New,10,15.79,3.29,38.02,33,11/11/2026,6/23/2026
302,Rice Meal,Dessert,Delivery,GCash,Regular,1,7.33,0.98,41.1,32,11/18/2026,9/15/2026
303,Burger,Fast Food,Takeout,GCash,Member,10,5.24,3.7,46.34,32,12/29/2026,4/30/2026
304,Fried Chicken,Fast Food,Takeout,Debit Card,Member,3,14.05,4.64,27.61,39,4/28/2026,3/26/2026
305,Rice Meal,Snack,Takeout,Cash,Member,6,15.47,0.49,11.51,60,3/20/2026,11/30/2026
306,Burger,Dessert,Takeout,Credit Card,Regular,1,8.46,2.57,37.26,59,10/2/2026,3/25/2026
307,Pasta,Dessert,Delivery,GCash,Regular,7,7.96,2.58,22.56,29,8/13/2026,9/22/2026
308,Sandwich,Main Course,Dine-in,Maya,Regular,7,19.86,2.74,29.6,15,12/7/2026,11/29/2026
309,Milk Tea,Fast Food,Takeout,Debit Card,Regular,2,9.48,3.39,25.75,37,2/17/2026,6/28/2026
310,Burger,Beverage,Dine-in,Debit Card,New,1,7.48,3.89,39.61,20,12/18/2026,6/20/2026
311,Pizza,Dessert,Takeout,GCash,New,1,18.31,3.62,44.72,41,5/22/2026,8/14/2026
312,Burger,Snack,Delivery,Credit Card,New,2,18.04,0.02,24.27,31,10/30/2026,4/28/2026
313,Burger,Snack,Takeout,GCash,Regular,5,7.76,3.77,48.74,34,11/12/2026,11/9/2026
314,Milk Tea,Fast Food,Delivery,Debit Card,Regular,8,11.31,3.03,25.84,26,7/16/2026,2/4/2026
315,Fried Chicken,Fast Food,Delivery,Debit Card,Member,4,13.96,2.09,40.08,38,6/9/2026,2/28/2026
316,Pasta,Snack,Dine-in,Credit Card,Regular,6,11.62,0.36,28.68,41,7/22/2026,4/15/2026
317,Salad,Dessert,Dine-in,Credit Card,Regular,7,10.05,3.78,14.93,40,2/5/2026,6/19/2026
318,Rice Meal,Main Course,Dine-in,Debit Card,New,7,5.8,3.46,41.01,51,9/2/2026,4/14/2026
319,Milk Tea,Main Course,Delivery,Credit Card,New,8,15.44,3.17,36.1,12,1/22/2026,2/22/2026
320,Sandwich,Beverage,Delivery,Debit Card,New,8,11.01,0.58,49.56,58,12/8/2026,3/18/2026
321,Fries,Beverage,Dine-in,Debit Card,Regular,7,18.17,2.65,19.5,19,5/30/2026,2/20/2026
322,Rice Meal,Fast Food,Dine-in,Debit Card,Regular,8,9.29,1.88,32.53,37,10/23/2026,11/14/2026
323,Salad,Snack,Delivery,GCash,New,6,8.51,1.33,33.79,29,7/29/2026,1/3/2026
324,Rice Meal,Fast Food,Takeout,Cash,Regular,7,15.76,3.8,28.38,18,7/28/2026,9/10/2026
325,Fried Chicken,Dessert,Dine-in,GCash,Member,9,18.4,2.73,30.26,59,10/12/2026,4/20/2026
326,Hotdog,Dessert,Takeout,Debit Card,Regular,6,17.76,1.87,35.23,59,4/6/2026,12/14/2026
327,Milk Tea,Snack,Takeout,GCash,Member,9,8.18,2.94,33.01,37,12/20/2026,1/29/2026
328,Sandwich,Fast Food,Delivery,Cash,Regular,10,12.13,0.36,47.34,23,2/1/2026,4/13/2026
329,Fries,Snack,Dine-in,Cash,Regular,1,10.4,3.2,45.24,47,10/16/2026,12/6/2026
330,Milk Tea,Snack,Dine-in,Maya,Regular,3,13.74,0.39,23.38,24,11/13/2026,5/11/2026
331,Salad,Beverage,Delivery,Maya,Regular,8,11.31,2.09,39.67,28,4/7/2026,3/2/2026
332,Pizza,Main Course,Takeout,Maya,Regular,7,15.01,0.28,46.73,29,12/25/2026,2/19/2026
333,Pasta,Snack,Dine-in,GCash,Regular,2,9.34,2.4,21.82,12,3/25/2026,11/23/2026
334,Hotdog,Beverage,Dine-in,Credit Card,Regular,3,5.87,2.76,13.67,13,8/3/2026,5/10/2026
335,Pizza,Snack,Takeout,Cash,Regular,8,19.98,4.84,37.33,26,5/31/2026,7/20/2026
336,Sandwich,Beverage,Takeout,Debit Card,New,3,7.09,2.2,30.04,28,4/26/2026,8/21/2026
337,Pasta,Fast Food,Dine-in,Cash,Member,10,15.33,4.52,12.5,20,6/10/2026,1/10/2026
338,Fries,Snack,Dine-in,Maya,Regular,1,12.64,4.42,45.29,43,9/17/2026,2/4/2026
339,Milk Tea,Dessert,Takeout,Credit Card,New,4,15.67,4.66,27.1,13,1/5/2026,6/15/2026
340,Salad,Snack,Dine-in,GCash,New,2,10.51,0.83,26.34,23,3/15/2026,7/19/2026
341,Fried Chicken,Snack,Delivery,Cash,New,5,13.92,2.39,21.69,11,3/14/2026,1/10/2026
342,Fried Chicken,Fast Food,Takeout,Credit Card,Regular,1,11.93,0.24,15.56,18,10/20/2026,12/7/2026
343,Pizza,Main Course,Dine-in,GCash,Regular,4,8.18,4.67,49.8,18,10/1/2026,5/28/2026
344,Pasta,Dessert,Dine-in,Credit Card,Regular,2,10.29,3.68,19.39,36,6/1/2026,2/16/2026
345,Fried Chicken,Main Course,Delivery,GCash,Regular,8,6.87,5.0,24.78,46,3/10/2026,6/17/2026
346,Hotdog,Main Course,Dine-in,Debit Card,Member,7,11.86,2.99,33.29,39,9/16/2026,5/28/2026
347,Fries,Fast Food,Dine-in,Cash,New,6,8.93,0.42,20.96,26,6/9/2026,3/11/2026
348,Salad,Snack,Dine-in,GCash,Member,1,18.94,2.66,38.26,30,1/5/2026,6/19/2026
349,Milk Tea,Dessert,Delivery,Debit Card,New,5,5.09,3.3,21.51,47,2/9/2026,6/2/2026
350,Milk Tea,Dessert,Delivery,Credit Card,New,2,15.95,2.6,45.98,49,9/11/2026,7/22/2026
351,Milk Tea,Snack,Takeout,Credit Card,Member,9,18.12,1.57,32.17,37,7/12/2026,2/5/2026
352,Hotdog,Beverage,Dine-in,Cash,Member,1,18.5,4.01,24.94,28,2/18/2026,10/3/2026
353,Pasta,Beverage,Takeout,Credit Card,Member,4,11.34,0.99,17.56,27,3/11/2026,12/5/2026
354,Rice Meal,Beverage,Delivery,Credit Card,Member,4,14.43,1.03,42.98,26,5/14/2026,4/25/2026
355,Sandwich,Main Course,Dine-in,Debit Card,Regular,5,11.54,2.96,16.19,47,1/31/2026,5/7/2026
356,Rice Meal,Snack,Dine-in,GCash,Regular,2,19.9,1.19,15.51,32,1/30/2026,4/19/2026
357,Pasta,Fast Food,Delivery,Cash,New,7,11.32,3.19,36.69,22,9/7/2026,10/16/2026
358,Salad,Snack,Dine-in,Cash,Member,7,17.75,4.46,28.38,23,3/3/2026,9/25/2026
359,Milk Tea,Snack,Delivery,Credit Card,Member,2,6.42,0.6,46.19,39,1/18/2026,8/16/2026
360,Pizza,Fast Food,Dine-in,Cash,New,9,10.61,2.63,13.17,44,2/9/2026,11/22/2026
361,Pasta,Snack,Dine-in,Cash,New,1,17.27,3.43,37.51,31,9/19/2026,9/11/2026
362,Sandwich,Snack,Delivery,Maya,Member,1,6.59,1.63,24.99,27,7/28/2026,5/14/2026
363,Pasta,Fast Food,Takeout,Debit Card,New,1,7.71,2.15,29.37,25,10/2/2026,6/5/2026
364,Hotdog,Snack,Takeout,Cash,New,1,18.99,3.73,45.83,34,5/3/2026,7/22/2026
365,Hotdog,Fast Food,Dine-in,Maya,Member,5,9.43,1.75,12.87,32,1/9/2026,11/27/2026
366,Fried Chicken,Fast Food,Delivery,GCash,Regular,2,19.89,4.54,23.22,30,1/25/2026,5/29/2026
367,Fries,Dessert,Delivery,Debit Card,New,2,12.01,1.11,48.61,48,7/19/2026,8/2/2026
368,Fries,Fast Food,Delivery,Credit Card,Member,10,15.76,3.05,13.06,25,7/22/2026,8/2/2026
369,Salad,Beverage,Takeout,Maya,Regular,2,6.56,1.89,14.81,27,6/25/2026,4/23/2026
370,Burger,Snack,Dine-in,Cash,Member,5,9.3,4.9,41.96,37,3/21/2026,12/25/2026
371,Hotdog,Dessert,Takeout,Cash,New,1,7.52,0.51,45.0,42,7/4/2026,9/23/2026
372,Sandwich,Fast Food,Dine-in,Maya,New,9,17.55,2.66,42.66,27,6/30/2026,4/15/2026
373,Milk Tea,Fast Food,Takeout,Debit Card,New,8,9.46,1.48,46.3,22,5/12/2026,7/7/2026
374,Fries,Main Course,Dine-in,Maya,New,8,7.22,1.42,43.6,14,1/5/2026,8/2/2026
375,Milk Tea,Dessert,Delivery,GCash,Regular,8,11.83,1.09,12.97,34,12/10/2026,12/14/2026
376,Hotdog,Beverage,Delivery,Debit Card,Regular,1,15.08,3.88,31.81,59,7/29/2026,3/12/2026
377,Hotdog,Snack,Takeout,Debit Card,Member,3,5.57,3.04,17.09,27,8/29/2026,3/12/2026
378,Hotdog,Snack,Delivery,GCash,Regular,8,16.58,4.8,37.14,14,8/2/2026,10/20/2026
379,Pizza,Snack,Delivery,Maya,Member,10,18.84,2.35,19.69,52,8/15/2026,11/20/2026
380,Pasta,Beverage,Dine-in,Credit Card,New,6,12.39,4.22,32.75,46,9/2/2026,4/8/2026
381,Pasta,Main Course,Dine-in,Credit Card,Member,3,14.16,4.9,44.3,53,7/31/2026,4/26/2026
382,Salad,Fast Food,Takeout,Maya,Regular,8,14.13,2.57,14.13,14,12/28/2026,11/17/2026
383,Fried Chicken,Snack,Takeout,Cash,Regular,7,8.86,4.87,23.73,13,5/5/2026,3/13/2026
384,Hotdog,Snack,Takeout,Cash,New,1,14.07,0.5,44.75,28,9/7/2026,7/21/2026
385,Fries,Beverage,Takeout,Cash,New,4,14.38,0.62,49.5,46,10/6/2026,12/20/2026
386,Fried Chicken,Snack,Dine-in,Cash,Regular,10,13.08,0.42,37.18,32,6/14/2026,4/20/2026
387,Pasta,Snack,Dine-in,Debit Card,New,5,8.21,1.23,27.91,49,7/10/2026,10/23/2026
388,Pasta,Snack,Delivery,Debit Card,New,5,8.5,3.34,23.32,39,12/11/2026,9/2/2026
389,Milk Tea,Fast Food,Dine-in,GCash,Regular,6,7.71,3.3,14.75,12,1/11/2026,2/22/2026
390,Pizza,Dessert,Takeout,GCash,Member,7,15.71,4.7,39.43,55,9/4/2026,12/15/2026
391,Pasta,Snack,Dine-in,GCash,Regular,7,11.24,2.39,29.26,45,6/12/2026,1/27/2026
392,Salad,Main Course,Takeout,GCash,New,1,13.4,2.26,13.98,47,11/10/2026,6/8/2026
393,Pizza,Beverage,Takeout,GCash,Member,9,15.16,4.02,46.65,55,11/24/2026,11/30/2026
394,Hotdog,Main Course,Takeout,Maya,Regular,2,11.6,2.7,40.59,21,5/10/2026,8/3/2026
395,Fried Chicken,Main Course,Takeout,GCash,New,9,5.74,3.4,18.92,15,4/15/2026,12/8/2026
396,Sandwich,Snack,Delivery,Maya,New,5,14.02,1.61,47.35,10,5/6/2026,11/27/2026
397,Milk Tea,Dessert,Delivery,Maya,New,4,15.59,3.57,16.53,23,8/15/2026,1/13/2026
398,Fried Chicken,Fast Food,Dine-in,Credit Card,Regular,9,6.44,4.16,20.53,45,10/12/2026,4/30/2026
399,Pasta,Dessert,Dine-in,Debit Card,Member,3,11.69,2.28,12.82,44,10/18/2026,11/15/2026
400,Hotdog,Snack,Takeout,GCash,Regular,6,11.04,0.35,47.9,30,3/5/2026,11/28/2026
401,Burger,Fast Food,Dine-in,Credit Card,Regular,5,11.84,2.39,15.96,41,9/16/2026,8/14/2026
402,Hotdog,Snack,Takeout,Cash,Member,1,15.3,2.94,13.85,12,6/21/2026,3/22/2026
403,Burger,Beverage,Delivery,Credit Card,Regular,10,7.4,1.15,37.09,16,4/14/2026,4/13/2026
404,Rice Meal,Dessert,Takeout,Maya,New,6,15.09,1.2,12.5,39,9/30/2026,9/17/2026
405,Pizza,Fast Food,Dine-in,Maya,New,8,7.88,1.27,17.12,52,6/12/2026,1/2/2026
406,Hotdog,Fast Food,Takeout,Cash,Member,5,19.5,3.25,22.13,18,12/23/2026,8/30/2026
407,Fries,Fast Food,Delivery,Credit Card,Member,6,6.9,2.71,33.18,41,1/10/2026,3/26/2026
408,Hotdog,Main Course,Takeout,GCash,Member,1,14.89,2.41,43.56,53,10/30/2026,1/16/2026
409,Sandwich,Dessert,Delivery,Debit Card,Regular,4,12.49,0.31,39.58,39,1/10/2026,8/7/2026
410,Rice Meal,Dessert,Delivery,Maya,New,8,19.45,4.83,18.43,42,8/20/2026,5/5/2026
411,Milk Tea,Dessert,Takeout,Maya,Regular,8,19.4,3.34,13.2,45,8/6/2026,2/21/2026
412,Sandwich,Dessert,Takeout,GCash,Regular,3,9.44,0.73,27.54,58,10/19/2026,5/23/2026
413,Hotdog,Snack,Dine-in,Debit Card,New,4,8.05,0.41,35.66,29,8/1/2026,10/7/2026
414,Milk Tea,Dessert,Delivery,Maya,New,4,12.08,3.31,27.03,48,2/8/2026,5/29/2026
415,Fries,Fast Food,Delivery,GCash,New,2,5.11,4.92,45.88,34,5/29/2026,4/5/2026
416,Hotdog,Dessert,Dine-in,Debit Card,New,3,12.02,0.49,15.94,12,9/6/2026,12/7/2026
417,Fried Chicken,Main Course,Takeout,GCash,New,8,15.21,3.46,48.8,49,2/9/2026,7/31/2026
418,Fries,Fast Food,Dine-in,Debit Card,New,6,15.67,2.51,26.4,16,11/20/2026,5/21/2026
419,Rice Meal,Main Course,Delivery,Cash,Regular,9,18.26,0.22,31.15,56,2/17/2026,2/1/2026
420,Milk Tea,Main Course,Delivery,Maya,Member,2,7.82,4.99,34.53,13,2/26/2026,1/12/2026
421,Burger,Fast Food,Dine-in,Debit Card,Member,6,18.14,4.22,26.93,56,11/30/2026,12/23/2026
422,Rice Meal,Fast Food,Delivery,Cash,Regular,9,7.31,0.04,25.39,22,8/9/2026,12/24/2026
423,Pasta,Dessert,Takeout,Maya,Regular,1,13.48,0.26,39.78,46,10/16/2026,10/26/2026
424,Fries,Main Course,Delivery,Maya,Member,8,8.57,3.54,11.48,60,4/22/2026,1/13/2026
425,Hotdog,Main Course,Dine-in,Maya,Regular,5,11.48,1.44,24.07,34,1/8/2026,1/25/2026
426,Milk Tea,Dessert,Dine-in,Maya,New,8,19.1,3.07,10.61,47,2/11/2026,3/8/2026
427,Fried Chicken,Main Course,Dine-in,Maya,New,10,8.78,3.62,38.79,57,6/13/2026,9/28/2026
428,Fried Chicken,Main Course,Dine-in,Debit Card,New,5,13.7,4.1,13.22,37,1/20/2026,8/22/2026
429,Pizza,Main Course,Takeout,Credit Card,Member,9,10.14,0.76,33.25,33,2/8/2026,3/16/2026
430,Sandwich,Beverage,Delivery,Credit Card,Regular,6,6.0,3.34,11.54,38,8/10/2026,1/27/2026
431,Fries,Snack,Dine-in,Maya,Member,5,11.88,2.18,25.37,53,3/18/2026,6/27/2026
432,Pasta,Dessert,Takeout,Credit Card,Regular,3,9.75,2.85,38.19,16,6/30/2026,11/30/2026
433,Sandwich,Beverage,Takeout,Credit Card,Regular,2,8.03,4.34,43.66,20,3/20/2026,3/4/2026
434,Sandwich,Dessert,Takeout,GCash,Member,4,14.08,0.19,43.29,32,6/13/2026,11/23/2026
435,Pizza,Snack,Takeout,Cash,Member,4,10.03,1.43,36.0,27,6/13/2026,10/24/2026
436,Rice Meal,Fast Food,Dine-in,Maya,Regular,9,7.38,3.5,35.02,50,10/25/2026,5/3/2026
437,Salad,Beverage,Takeout,Cash,New,9,13.88,3.84,23.76,14,7/13/2026,11/8/2026
438,Burger,Main Course,Takeout,Maya,Member,4,18.29,0.59,40.63,48,5/16/2026,12/20/2026
439,Rice Meal,Snack,Delivery,Debit Card,New,8,15.84,4.6,46.31,34,1/1/2026,3/30/2026
440,Burger,Beverage,Delivery,Credit Card,New,1,7.06,1.58,22.55,14,2/22/2026,1/29/2026
441,Fries,Main Course,Dine-in,Maya,Regular,7,11.81,1.51,27.4,46,3/7/2026,5/18/2026
442,Burger,Snack,Takeout,Cash,Member,8,7.48,0.2,27.84,11,10/2/2026,9/14/2026
443,Fries,Snack,Takeout,Credit Card,New,7,11.78,0.2,25.74,55,11/13/2026,12/30/2026
444,Salad,Snack,Delivery,GCash,Regular,9,17.7,3.03,30.24,10,6/14/2026,4/27/2026
445,Fried Chicken,Main Course,Takeout,GCash,New,8,14.62,4.32,13.32,35,2/19/2026,9/12/2026
446,Sandwich,Main Course,Delivery,GCash,Regular,10,11.81,1.03,46.58,30,6/13/2026,2/20/2026
447,Burger,Beverage,Delivery,Debit Card,Regular,7,5.98,3.14,40.83,23,7/27/2026,4/22/2026
448,Burger,Beverage,Dine-in,GCash,Regular,1,16.68,3.11,16.39,13,8/13/2026,6/19/2026
449,Fried Chicken,Main Course,Dine-in,Credit Card,New,7,11.73,4.21,12.79,24,5/19/2026,8/20/2026
450,Pizza,Fast Food,Delivery,GCash,Regular,8,12.96,2.85,39.65,18,10/8/2026,5/15/2026
451,Burger,Beverage,Dine-in,Credit Card,Member,10,18.99,4.8,14.8,37,10/13/2026,5/7/2026
452,Salad,Main Course,Delivery,Debit Card,New,2,9.89,1.82,42.48,31,6/28/2026,1/2/2026
453,Burger,Main Course,Delivery,Credit Card,New,8,16.21,3.24,47.62,53,2/20/2026,2/3/2026
454,Fried Chicken,Beverage,Takeout,Debit Card,New,6,6.11,1.94,28.78,36,8/31/2026,8/6/2026
455,Pizza,Dessert,Delivery,Cash,Member,3,14.71,1.38,47.09,45,11/23/2026,10/2/2026
456,Sandwich,Beverage,Delivery,Debit Card,New,10,10.52,2.18,10.44,45,4/7/2026,3/24/2026
457,Fried Chicken,Beverage,Dine-in,Debit Card,Regular,6,18.44,1.58,32.5,29,5/13/2026,9/16/2026
458,Fried Chicken,Main Course,Delivery,Cash,Regular,8,18.96,1.39,15.89,27,11/26/2026,9/6/2026
459,Burger,Main Course,Takeout,Credit Card,New,6,11.6,4.66,20.92,39,2/4/2026,12/16/2026
460,Hotdog,Fast Food,Delivery,Credit Card,Regular,1,7.34,1.59,17.22,60,2/25/2026,3/10/2026
461,Burger,Fast Food,Delivery,Cash,New,1,12.1,0.73,35.37,55,4/30/2026,6/15/2026
462,Pizza,Fast Food,Dine-in,Credit Card,Regular,10,8.41,2.42,23.74,12,8/11/2026,10/21/2026
463,Fries,Dessert,Dine-in,GCash,New,8,13.65,1.38,14.3,17,5/25/2026,12/20/2026
464,Burger,Beverage,Delivery,Cash,New,5,7.09,4.36,13.39,31,10/2/2026,4/5/2026
465,Milk Tea,Main Course,Delivery,Debit Card,New,7,12.57,3.54,33.66,44,5/16/2026,2/14/2026
466,Sandwich,Main Course,Dine-in,Maya,Regular,4,6.45,3.15,48.66,52,4/25/2026,3/21/2026
467,Sandwich,Dessert,Delivery,Debit Card,New,1,7.72,3.6,47.57,37,6/5/2026,10/18/2026
468,Sandwich,Dessert,Takeout,Maya,Regular,3,19.28,1.49,10.9,26,6/8/2026,7/19/2026
469,Fried Chicken,Snack,Delivery,Debit Card,Member,8,15.86,4.98,38.48,48,10/26/2026,3/16/2026
470,Milk Tea,Beverage,Takeout,Maya,New,10,8.88,2.67,42.78,57,2/1/2026,10/3/2026
471,Hotdog,Main Course,Dine-in,Cash,New,10,14.01,4.0,34.37,34,11/6/2026,6/24/2026
472,Pizza,Main Course,Dine-in,GCash,Member,3,15.49,4.77,14.73,57,6/2/2026,1/7/2026
473,Fries,Fast Food,Delivery,Cash,New,9,16.18,3.53,27.55,31,5/20/2026,10/12/2026
474,Rice Meal,Fast Food,Takeout,GCash,Member,7,18.57,0.09,36.37,20,3/7/2026,6/9/2026
475,Milk Tea,Main Course,Takeout,Credit Card,Member,10,13.72,4.96,15.63,45,5/20/2026,9/17/2026
476,Hotdog,Fast Food,Takeout,Credit Card,Regular,3,15.36,0.24,42.44,15,5/28/2026,9/26/2026
477,Pasta,Beverage,Delivery,Cash,Member,2,16.99,2.92,29.93,24,3/29/2026,7/15/2026
478,Salad,Dessert,Dine-in,Maya,Regular,1,7.43,0.52,32.42,17,3/26/2026,11/29/2026
479,Fried Chicken,Dessert,Dine-in,Maya,Regular,9,15.53,4.24,32.38,56,9/9/2026,7/7/2026
480,Salad,Dessert,Dine-in,Credit Card,New,3,5.34,3.86,14.94,44,3/24/2026,2/19/2026
481,Fries,Fast Food,Delivery,GCash,Regular,3,18.98,4.11,15.13,38,6/23/2026,3/15/2026
482,Fried Chicken,Dessert,Dine-in,Maya,Regular,9,8.3,3.45,39.5,31,10/15/2026,3/8/2026
483,Salad,Beverage,Delivery,Debit Card,New,8,8.32,1.39,12.84,58,12/19/2026,3/29/2026
484,Salad,Dessert,Takeout,Maya,New,4,16.1,4.56,27.75,34,3/10/2026,4/3/2026
485,Salad,Fast Food,Takeout,Cash,Regular,8,12.97,0.87,26.97,52,9/5/2026,7/3/2026
486,Fries,Main Course,Takeout,Cash,Regular,6,12.97,3.71,32.15,19,1/3/2026,4/19/2026
487,Milk Tea,Dessert,Takeout,Maya,Member,7,14.22,1.15,15.41,54,3/12/2026,1/28/2026
488,Pasta,Beverage,Delivery,Cash,Regular,6,10.19,3.76,17.66,45,1/31/2026,4/14/2026
489,Pizza,Main Course,Takeout,Credit Card,Member,8,10.56,1.33,46.16,31,8/13/2026,5/28/2026
490,Rice Meal,Main Course,Dine-in,Debit Card,Member,5,6.38,3.22,35.47,36,2/15/2026,4/26/2026
491,Hotdog,Dessert,Delivery,Maya,Regular,3,18.14,2.72,20.69,48,12/21/2026,2/17/2026
492,Burger,Fast Food,Dine-in,Maya,Regular,7,7.95,1.75,46.2,60,11/18/2026,7/16/2026
493,Sandwich,Snack,Delivery,Cash,Member,6,18.15,1.98,11.14,55,5/29/2026,1/17/2026
494,Milk Tea,Fast Food,Delivery,Debit Card,Regular,4,6.14,4.17,15.39,29,11/18/2026,4/23/2026
495,Fries,Beverage,Takeout,Debit Card,Regular,10,18.27,1.71,26.04,42,1/11/2026,2/12/2026
496,Burger,Beverage,Dine-in,Maya,Regular,7,8.81,3.1,42.57,10,3/12/2026,5/3/2026
497,Milk Tea,Fast Food,Delivery,Cash,Member,4,14.04,0.99,39.3,57,3/18/2026,5/18/2026
498,Pizza,Fast Food,Takeout,Maya,Member,2,6.79,0.45,26.75,50,6/24/2026,4/13/2026
499,Fried Chicken,Snack,Dine-in,Credit Card,New,7,16.14,4.09,16.34,41,9/18/2026,11/24/2026
500,Pasta,Main Course,Takeout,Cash,Regular,6,16.43,2.31,45.74,27,8/25/2026,4/8/2026
501,Salad,Dessert,Dine-in,Maya,Member,4,6.38,4.26,25.85,33,2/12/2026,8/13/2026
502,Burger,Main Course,Dine-in,Cash,Regular,8,15.4,2.33,14.23,32,4/6/2026,5/10/2026
503,Fries,Main Course,Dine-in,Debit Card,New,9,11.63,1.85,24.33,37,3/18/2026,8/2/2026
504,Burger,Snack,Takeout,Debit Card,Regular,2,14.97,2.25,42.09,26,9/13/2026,1/7/2026
505,Pizza,Fast Food,Takeout,Cash,New,1,12.03,3.59,37.59,38,11/2/2026,10/8/2026
506,Salad,Snack,Takeout,Debit Card,Member,5,8.92,2.62,12.69,50,12/17/2026,2/2/2026
507,Hotdog,Beverage,Takeout,Cash,New,9,15.4,3.13,46.07,19,3/10/2026,12/26/2026
508,Fried Chicken,Snack,Takeout,Cash,Regular,5,11.39,3.37,43.08,31,10/17/2026,1/4/2026
509,Hotdog,Dessert,Dine-in,GCash,Regular,10,11.68,2.55,43.0,17,2/1/2026,10/2/2026
510,Milk Tea,Fast Food,Delivery,Maya,Member,10,10.58,4.45,15.8,49,5/21/2026,5/16/2026
511,Fries,Dessert,Takeout,Debit Card,Member,2,18.92,3.74,35.7,58,6/23/2026,1/18/2026
512,Milk Tea,Snack,Dine-in,Debit Card,Regular,4,19.2,3.11,18.42,55,2/6/2026,7/15/2026
513,Salad,Beverage,Takeout,Credit Card,Member,10,5.39,0.88,24.66,33,8/9/2026,10/18/2026
514,Salad,Beverage,Delivery,GCash,Regular,8,14.06,0.22,15.96,41,5/27/2026,3/21/2026
515,Fries,Fast Food,Dine-in,Credit Card,New,8,16.9,0.38,42.02,46,1/16/2026,10/3/2026
516,Rice Meal,Dessert,Delivery,Cash,Member,3,7.76,0.02,42.5,50,3/3/2026,8/12/2026
517,Fried Chicken,Snack,Dine-in,Cash,New,6,9.99,4.95,45.25,28,6/6/2026,7/15/2026
518,Pasta,Snack,Takeout,Maya,New,3,16.3,0.08,17.24,38,4/8/2026,1/31/2026
519,Pizza,Snack,Takeout,Debit Card,Regular,8,16.63,1.99,44.59,29,11/2/2026,12/28/2026
520,Fried Chicken,Fast Food,Dine-in,Cash,New,10,11.91,3.19,48.98,50,7/4/2026,7/30/2026
521,Hotdog,Snack,Takeout,Credit Card,New,3,11.2,2.36,27.16,14,9/30/2026,7/29/2026
522,Rice Meal,Main Course,Takeout,Credit Card,Regular,8,17.73,3.58,16.13,11,4/12/2026,6/20/2026
523,Fried Chicken,Beverage,Takeout,Maya,Regular,3,15.44,3.43,42.57,31,12/9/2026,5/2/2026
524,Hotdog,Fast Food,Takeout,Maya,Member,2,13.51,0.87,34.86,59,11/6/2026,3/27/2026
525,Rice Meal,Fast Food,Dine-in,GCash,Member,1,7.32,3.42,22.23,19,8/14/2026,7/13/2026
526,Salad,Snack,Delivery,GCash,Regular,5,17.86,4.51,38.52,52,6/30/2026,3/13/2026
527,Burger,Fast Food,Takeout,Maya,Member,5,9.9,1.25,28.83,37,6/7/2026,5/31/2026
528,Milk Tea,Beverage,Takeout,Credit Card,Member,9,9.96,0.34,17.03,37,1/26/2026,11/30/2026
529,Fried Chicken,Fast Food,Dine-in,Debit Card,Member,1,8.6,4.42,39.06,22,10/12/2026,11/26/2026
530,Pasta,Beverage,Takeout,Debit Card,Regular,8,16.52,4.7,20.55,20,1/31/2026,1/27/2026
531,Pasta,Snack,Delivery,Credit Card,Member,10,11.29,0.01,16.81,11,1/11/2026,2/10/2026
532,Pasta,Snack,Takeout,Maya,Member,5,6.34,4.32,24.49,53,8/31/2026,11/21/2026
533,Salad,Snack,Dine-in,Debit Card,New,10,16.77,1.91,29.66,55,5/11/2026,1/26/2026
534,Rice Meal,Beverage,Takeout,Cash,New,1,18.79,3.34,10.65,31,7/7/2026,7/13/2026
535,Rice Meal,Beverage,Dine-in,GCash,Regular,6,14.15,1.43,37.92,45,10/17/2026,6/22/2026
536,Salad,Snack,Takeout,Maya,Regular,10,6.14,1.84,14.9,52,8/5/2026,10/16/2026
537,Hotdog,Snack,Takeout,Maya,Regular,7,12.88,0.48,37.72,50,9/9/2026,3/23/2026
538,Pasta,Dessert,Dine-in,Credit Card,Member,5,11.15,0.17,27.08,37,11/8/2026,5/7/2026
539,Pizza,Dessert,Takeout,GCash,Regular,5,5.36,0.38,29.2,40,10/30/2026,2/9/2026
540,Sandwich,Main Course,Delivery,Credit Card,Member,7,10.09,1.85,27.14,28,11/15/2026,8/2/2026
541,Pizza,Beverage,Delivery,Credit Card,New,7,16.12,2.21,27.13,20,4/13/2026,5/17/2026
542,Sandwich,Dessert,Dine-in,Credit Card,Regular,7,15.8,4.05,20.05,53,5/24/2026,4/10/2026
543,Milk Tea,Fast Food,Dine-in,Debit Card,Regular,9,7.71,3.2,30.7,20,10/7/2026,6/2/2026
544,Hotdog,Main Course,Dine-in,Maya,New,1,8.42,0.89,13.25,32,5/1/2026,4/28/2026
545,Burger,Fast Food,Delivery,GCash,Member,7,7.46,4.79,18.12,45,6/9/2026,2/25/2026
546,Fried Chicken,Snack,Takeout,GCash,New,7,5.31,1.79,22.37,55,11/28/2026,5/24/2026
547,Salad,Snack,Dine-in,GCash,Member,4,6.08,3.04,36.14,13,3/19/2026,9/14/2026
548,Sandwich,Dessert,Dine-in,GCash,Regular,7,17.03,2.17,14.69,17,2/16/2026,10/9/2026
549,Rice Meal,Main Course,Takeout,GCash,Regular,1,15.52,1.31,41.28,17,5/24/2026,8/2/2026
550,Rice Meal,Beverage,Delivery,GCash,New,1,13.46,2.97,35.03,35,10/7/2026,3/3/2026
551,Burger,Fast Food,Delivery,Cash,Regular,9,7.61,0.83,29.68,44,1/4/2026,10/8/2026
552,Fried Chicken,Main Course,Dine-in,Debit Card,Member,2,11.09,1.18,30.92,26,4/23/2026,10/29/2026
553,Pasta,Beverage,Takeout,GCash,New,7,7.88,4.16,49.18,40,6/5/2026,9/1/2026
554,Burger,Snack,Delivery,Cash,Regular,3,6.06,2.13,36.85,25,11/10/2026,12/17/2026
555,Pasta,Snack,Takeout,Cash,Member,4,16.55,3.23,33.59,59,5/31/2026,12/28/2026
556,Pizza,Snack,Delivery,Cash,New,10,10.48,0.31,49.73,59,11/21/2026,1/24/2026
557,Fries,Main Course,Delivery,Debit Card,New,10,17.86,2.86,14.51,58,3/19/2026,10/27/2026
558,Pasta,Fast Food,Delivery,Debit Card,Regular,9,9.17,4.37,43.26,33,8/29/2026,6/1/2026
559,Salad,Snack,Dine-in,Cash,New,4,12.72,0.3,48.55,31,6/3/2026,12/12/2026
560,Fried Chicken,Main Course,Takeout,Cash,New,5,18.0,3.97,23.03,17,6/12/2026,3/26/2026
561,Pizza,Fast Food,Delivery,Cash,Regular,6,13.18,4.7,10.19,29,4/16/2026,3/20/2026
562,Milk Tea,Dessert,Dine-in,Credit Card,Regular,9,17.98,3.22,29.67,49,7/2/2026,5/1/2026
563,Pizza,Beverage,Dine-in,Credit Card,New,4,18.64,3.35,41.67,10,7/11/2026,8/12/2026
564,Milk Tea,Beverage,Dine-in,Credit Card,New,7,8.5,4.69,11.61,30,5/20/2026,10/7/2026
565,Fries,Beverage,Takeout,Credit Card,Member,7,18.84,3.36,31.65,49,10/24/2026,11/10/2026
566,Hotdog,Beverage,Delivery,Debit Card,New,8,16.51,0.99,24.28,52,7/4/2026,8/23/2026
567,Sandwich,Main Course,Takeout,GCash,Member,7,9.24,1.02,25.11,12,4/20/2026,2/26/2026
568,Pasta,Beverage,Delivery,Debit Card,Member,1,7.75,0.63,30.72,16,4/25/2026,5/30/2026
569,Milk Tea,Dessert,Delivery,GCash,Regular,2,16.35,4.68,17.05,10,11/20/2026,8/3/2026
570,Salad,Dessert,Delivery,GCash,Regular,9,6.78,2.89,38.33,12,9/24/2026,8/4/2026
571,Salad,Dessert,Takeout,Debit Card,New,7,6.84,0.78,27.34,34,2/5/2026,12/15/2026
572,Pizza,Fast Food,Dine-in,Debit Card,New,6,17.67,4.68,27.22,33,5/29/2026,11/9/2026
573,Pasta,Snack,Takeout,GCash,Regular,4,12.41,2.96,21.2,12,12/18/2026,5/26/2026
574,Salad,Fast Food,Takeout,Maya,Regular,3,6.73,2.57,19.66,21,4/3/2026,8/21/2026
575,Fries,Main Course,Delivery,Cash,New,4,13.51,3.27,25.59,12,12/26/2026,6/2/2026
576,Fries,Fast Food,Takeout,Credit Card,Regular,2,15.48,1.94,12.01,53,9/1/2026,7/26/2026
577,Fries,Beverage,Delivery,Cash,New,9,14.26,1.75,35.5,34,7/5/2026,11/5/2026
578,Salad,Dessert,Delivery,Debit Card,Member,5,11.41,4.96,23.42,53,5/25/2026,2/15/2026
579,Burger,Snack,Dine-in,GCash,Regular,4,10.12,4.97,28.64,50,10/21/2026,12/7/2026
580,Milk Tea,Snack,Delivery,Maya,New,6,6.57,2.59,48.27,52,8/9/2026,9/25/2026
581,Hotdog,Main Course,Dine-in,Debit Card,Regular,9,6.93,3.31,47.07,33,9/6/2026,10/8/2026
582,Milk Tea,Fast Food,Dine-in,Cash,Member,5,15.47,4.59,18.78,18,2/24/2026,8/2/2026
583,Rice Meal,Beverage,Dine-in,Debit Card,New,7,5.38,4.5,32.57,15,9/16/2026,5/23/2026
584,Hotdog,Dessert,Dine-in,GCash,Regular,8,9.48,2.03,38.14,10,8/24/2026,6/18/2026
585,Pasta,Main Course,Dine-in,Debit Card,New,2,11.71,0.06,13.57,52,2/24/2026,6/6/2026
586,Pasta,Beverage,Dine-in,GCash,Member,10,16.43,3.31,45.7,33,6/28/2026,5/15/2026
587,Pizza,Fast Food,Takeout,Maya,Member,10,10.17,3.87,35.13,35,9/28/2026,9/27/2026
588,Burger,Snack,Dine-in,GCash,Regular,2,12.44,4.85,39.13,19,5/20/2026,9/25/2026
589,Fried Chicken,Dessert,Dine-in,Cash,Regular,8,9.88,1.59,47.07,57,11/20/2026,9/24/2026
590,Pizza,Main Course,Takeout,Cash,Regular,10,17.9,1.58,20.91,14,11/13/2026,5/2/2026
591,Fried Chicken,Main Course,Dine-in,Cash,Member,2,10.15,3.78,41.2,54,2/21/2026,2/12/2026
592,Milk Tea,Dessert,Dine-in,Maya,New,2,14.18,2.67,14.52,16,6/12/2026,4/24/2026
593,Rice Meal,Beverage,Takeout,GCash,Member,9,8.88,0.24,19.64,51,3/10/2026,7/31/2026
594,Salad,Snack,Takeout,Maya,New,3,6.9,3.62,12.79,16,1/10/2026,4/4/2026
595,Rice Meal,Dessert,Delivery,Cash,New,7,15.77,0.24,27.53,30,10/9/2026,4/12/2026
596,Pasta,Main Course,Takeout,Credit Card,New,4,18.42,1.38,22.7,35,3/19/2026,12/27/2026
597,Fried Chicken,Snack,Takeout,Credit Card,Member,3,5.92,1.87,47.24,47,8/13/2026,6/2/2026
598,Salad,Snack,Takeout,Debit Card,New,8,8.66,4.82,41.99,12,1/2/2026,1/8/2026
599,Fried Chicken,Fast Food,Delivery,GCash,New,7,12.35,4.92,38.63,21,10/19/2026,4/9/2026
600,Pasta,Dessert,Dine-in,GCash,New,9,17.43,2.7,39.81,33,10/9/2026,4/26/2026
601,Rice Meal,Beverage,Delivery,Debit Card,Regular,6,11.32,1.83,31.06,35,4/22/2026,9/30/2026
602,Fried Chicken,Beverage,Dine-in,Debit Card,Member,8,8.34,0.62,30.16,60,2/9/2026,12/5/2026
603,Fries,Main Course,Delivery,GCash,Member,6,18.0,1.14,20.44,22,2/28/2026,11/5/2026
604,Pasta,Beverage,Dine-in,Maya,New,7,14.85,4.03,48.08,57,3/25/2026,1/27/2026
605,Pasta,Snack,Delivery,Cash,Regular,9,19.38,0.24,43.42,44,12/3/2026,1/27/2026
606,Salad,Dessert,Delivery,Cash,Member,10,12.38,2.01,35.48,58,8/29/2026,9/6/2026
607,Pizza,Fast Food,Dine-in,GCash,Member,3,19.31,4.2,29.64,30,1/22/2026,5/15/2026
608,Salad,Fast Food,Delivery,Credit Card,New,1,19.01,4.09,48.44,11,12/25/2026,8/9/2026
609,Sandwich,Beverage,Takeout,Debit Card,Regular,7,18.22,1.1,49.82,22,6/14/2026,5/30/2026
610,Burger,Snack,Takeout,Cash,Regular,1,16.96,1.88,36.45,48,10/23/2026,3/30/2026
611,Sandwich,Main Course,Takeout,Credit Card,Member,6,14.18,4.91,23.96,35,6/23/2026,7/10/2026
612,Burger,Dessert,Dine-in,Cash,Regular,5,13.49,1.83,16.17,30,11/11/2026,5/14/2026
613,Pizza,Main Course,Takeout,Cash,Regular,4,16.13,0.04,21.56,58,11/14/2026,6/9/2026
614,Burger,Fast Food,Delivery,Credit Card,Regular,8,18.86,1.97,34.52,45,2/19/2026,11/2/2026
615,Fries,Main Course,Takeout,Debit Card,New,3,8.37,0.27,40.22,20,9/8/2026,6/5/2026
616,Burger,Beverage,Takeout,GCash,Member,3,11.84,1.37,39.91,17,10/31/2026,8/31/2026
617,Pizza,Snack,Delivery,Maya,New,1,17.85,2.46,48.34,58,2/13/2026,5/13/2026
618,Sandwich,Beverage,Dine-in,GCash,New,6,18.36,2.4,13.26,36,12/16/2026,12/13/2026
619,Milk Tea,Dessert,Delivery,GCash,Regular,4,18.14,3.74,10.44,49,6/19/2026,3/29/2026
620,Rice Meal,Dessert,Dine-in,Maya,New,10,15.17,2.15,16.17,27,7/18/2026,3/3/2026
621,Pizza,Main Course,Takeout,GCash,Member,10,17.23,2.33,23.8,29,7/8/2026,7/30/2026
622,Fries,Fast Food,Takeout,Debit Card,New,10,12.07,1.75,32.03,38,9/17/2026,8/24/2026
623,Milk Tea,Snack,Takeout,Cash,Regular,1,6.94,1.44,31.53,19,9/18/2026,8/18/2026
624,Milk Tea,Snack,Dine-in,Maya,New,10,12.51,0.18,35.5,22,11/18/2026,12/12/2026
625,Hotdog,Main Course,Delivery,Credit Card,Regular,4,8.13,0.36,30.64,40,10/4/2026,1/19/2026
626,Sandwich,Snack,Delivery,Credit Card,New,4,5.07,3.39,12.0,16,9/16/2026,11/26/2026
627,Pasta,Dessert,Delivery,GCash,Regular,4,10.67,3.08,24.17,46,5/30/2026,8/9/2026
628,Pizza,Beverage,Dine-in,Debit Card,Member,2,10.6,0.42,10.93,55,4/9/2026,1/17/2026
629,Fries,Fast Food,Dine-in,Credit Card,New,4,6.37,1.75,21.62,24,12/28/2026,4/25/2026
630,Sandwich,Dessert,Delivery,GCash,Member,2,16.97,4.77,16.02,35,2/27/2026,1/14/2026
631,Pizza,Fast Food,Dine-in,Cash,Regular,10,8.04,0.45,32.15,37,1/10/2026,2/1/2026
632,Milk Tea,Fast Food,Dine-in,Cash,Member,3,12.48,4.68,45.18,48,1/19/2026,10/11/2026
633,Fries,Beverage,Delivery,GCash,Regular,5,18.69,3.57,32.77,46,5/1/2026,3/16/2026
634,Pizza,Dessert,Takeout,Debit Card,Regular,4,18.93,4.08,32.02,39,11/1/2026,6/15/2026
635,Rice Meal,Beverage,Takeout,Debit Card,New,5,11.45,1.14,35.33,27,1/14/2026,1/9/2026
636,Fries,Fast Food,Delivery,Debit Card,Regular,7,13.4,1.82,31.59,11,4/15/2026,12/23/2026
637,Fried Chicken,Beverage,Dine-in,Credit Card,New,6,18.23,2.55,29.98,15,1/25/2026,5/12/2026
638,Hotdog,Beverage,Delivery,Cash,Member,8,5.09,0.49,43.56,43,8/19/2026,5/2/2026
639,Milk Tea,Dessert,Delivery,Cash,Member,10,13.46,2.09,49.74,39,1/4/2026,9/7/2026
640,Milk Tea,Main Course,Takeout,GCash,New,5,9.89,4.09,33.34,46,11/11/2026,9/15/2026
641,Fried Chicken,Dessert,Takeout,GCash,Regular,7,17.43,3.14,24.8,30,3/1/2026,12/14/2026
642,Rice Meal,Main Course,Delivery,Debit Card,Regular,4,13.32,4.76,32.58,49,10/8/2026,6/22/2026
643,Milk Tea,Dessert,Dine-in,Maya,Member,8,6.55,0.35,39.53,12,12/19/2026,1/5/2026
644,Rice Meal,Fast Food,Delivery,Credit Card,New,2,14.83,1.3,35.6,40,3/6/2026,1/22/2026
645,Salad,Snack,Takeout,Credit Card,New,1,18.29,2.77,27.63,23,8/1/2026,9/13/2026
646,Salad,Main Course,Dine-in,GCash,New,3,7.1,4.55,31.8,39,2/18/2026,4/5/2026
647,Sandwich,Beverage,Takeout,Debit Card,Member,7,6.72,0.94,14.82,24,7/17/2026,5/19/2026
648,Sandwich,Snack,Dine-in,Credit Card,Member,5,10.61,2.08,24.7,30,5/1/2026,2/17/2026
649,Pasta,Snack,Dine-in,Maya,New,5,15.13,3.5,29.46,27,3/12/2026,12/4/2026
650,Salad,Dessert,Takeout,Cash,Regular,3,15.83,4.86,46.07,53,4/18/2026,5/16/2026
651,Salad,Beverage,Delivery,GCash,New,5,12.8,2.46,24.54,44,12/10/2026,1/19/2026
652,Hotdog,Dessert,Dine-in,Maya,Regular,1,18.88,1.75,33.06,31,1/11/2026,11/14/2026
653,Hotdog,Beverage,Dine-in,Credit Card,Member,9,13.43,4.86,18.5,35,6/6/2026,10/7/2026
654,Hotdog,Fast Food,Dine-in,Cash,Member,3,13.38,3.7,25.28,16,6/11/2026,12/14/2026
655,Burger,Main Course,Dine-in,GCash,New,2,10.32,4.27,38.41,29,1/14/2026,6/26/2026
656,Milk Tea,Snack,Delivery,Credit Card,Regular,7,6.63,4.1,17.73,29,5/23/2026,2/12/2026
657,Sandwich,Snack,Delivery,GCash,Regular,5,9.71,1.98,15.59,28,4/6/2026,5/26/2026
658,Fried Chicken,Dessert,Delivery,Maya,Member,9,13.64,3.33,27.87,46,1/20/2026,7/7/2026
659,Burger,Snack,Delivery,Cash,New,5,6.77,2.3,36.36,49,1/13/2026,8/4/2026
660,Hotdog,Fast Food,Dine-in,Debit Card,New,9,18.16,2.28,10.42,27,4/16/2026,10/24/2026
661,Sandwich,Main Course,Takeout,Credit Card,New,10,9.62,4.32,44.37,42,10/6/2026,10/1/2026
662,Hotdog,Snack,Takeout,GCash,Regular,6,8.63,2.12,49.5,60,12/20/2026,12/14/2026
663,Hotdog,Beverage,Delivery,Cash,Regular,5,13.92,3.42,45.39,28,10/27/2026,1/23/2026
664,Salad,Fast Food,Takeout,Cash,New,10,15.28,0.77,21.04,14,7/7/2026,12/22/2026
665,Rice Meal,Beverage,Dine-in,GCash,New,7,10.24,4.96,12.1,44,8/7/2026,9/29/2026
666,Burger,Beverage,Delivery,Cash,New,2,9.07,3.21,45.91,29,5/28/2026,12/6/2026
667,Milk Tea,Snack,Delivery,Debit Card,New,10,18.89,3.13,47.27,44,6/24/2026,9/12/2026
668,Hotdog,Beverage,Delivery,Cash,Member,2,15.82,0.61,39.48,10,8/12/2026,9/13/2026
669,Fries,Beverage,Dine-in,Cash,Regular,2,11.26,0.99,43.26,40,10/5/2026,4/15/2026
670,Rice Meal,Beverage,Delivery,Credit Card,Member,5,18.95,4.4,41.86,33,7/8/2026,1/24/2026
671,Pasta,Fast Food,Delivery,Maya,Regular,5,15.68,4.23,11.09,34,8/17/2026,4/19/2026
672,Burger,Snack,Dine-in,Debit Card,New,6,18.67,4.7,14.83,36,10/11/2026,5/15/2026
673,Hotdog,Beverage,Dine-in,Maya,New,8,13.98,3.1,30.28,50,4/3/2026,9/28/2026
674,Pizza,Snack,Dine-in,GCash,Regular,1,6.25,3.37,31.57,59,8/14/2026,7/21/2026
675,Milk Tea,Dessert,Delivery,Maya,Member,1,18.14,4.05,36.37,49,1/13/2026,3/23/2026
676,Salad,Snack,Dine-in,Cash,New,7,18.61,4.02,37.58,41,7/20/2026,7/10/2026
677,Fried Chicken,Main Course,Takeout,Maya,Regular,6,18.83,0.24,46.11,34,7/5/2026,10/3/2026
678,Hotdog,Beverage,Delivery,Credit Card,Member,6,16.72,0.84,47.37,47,12/28/2026,1/11/2026
679,Milk Tea,Fast Food,Delivery,Maya,Member,2,16.83,1.48,49.78,32,12/30/2026,4/27/2026
680,Fries,Snack,Delivery,GCash,Member,7,6.78,2.04,14.4,27,6/19/2026,2/8/2026
681,Rice Meal,Main Course,Takeout,GCash,Member,8,5.86,1.66,43.68,15,12/26/2026,2/11/2026
682,Salad,Main Course,Dine-in,Debit Card,Regular,9,9.38,3.31,12.03,20,3/28/2026,8/28/2026
683,Salad,Beverage,Delivery,Credit Card,Regular,8,18.91,2.68,14.36,11,7/1/2026,11/24/2026
684,Pizza,Beverage,Dine-in,Credit Card,New,6,15.38,4.51,14.08,55,12/3/2026,7/19/2026
685,Pizza,Fast Food,Delivery,Cash,Regular,6,14.2,4.66,30.54,58,6/2/2026,12/2/2026
686,Burger,Snack,Takeout,Credit Card,Regular,3,16.06,3.28,12.04,24,10/20/2026,8/26/2026
687,Burger,Main Course,Dine-in,Credit Card,New,7,16.64,2.06,33.44,35,7/30/2026,3/29/2026
688,Rice Meal,Dessert,Dine-in,Maya,Regular,9,11.09,4.7,16.2,51,3/27/2026,1/20/2026
689,Salad,Dessert,Takeout,GCash,Member,8,15.07,2.89,17.2,25,8/10/2026,1/28/2026
690,Milk Tea,Beverage,Dine-in,GCash,Member,1,14.55,2.37,35.65,24,12/25/2026,7/4/2026
691,Salad,Snack,Delivery,GCash,Member,3,19.3,0.37,18.38,59,2/17/2026,2/12/2026
692,Rice Meal,Main Course,Dine-in,Debit Card,Regular,8,15.02,3.48,21.64,47,11/13/2026,2/16/2026
693,Pasta,Fast Food,Takeout,GCash,New,4,12.12,1.88,23.0,19,1/2/2026,4/20/2026
694,Salad,Snack,Dine-in,Debit Card,Member,4,14.03,2.4,43.62,57,10/28/2026,2/4/2026
695,Sandwich,Dessert,Takeout,GCash,New,1,10.43,0.38,22.55,14,8/15/2026,6/21/2026
696,Rice Meal,Snack,Dine-in,Credit Card,New,2,13.19,0.33,30.76,19,5/27/2026,2/19/2026
697,Fried Chicken,Beverage,Dine-in,GCash,Member,10,12.92,2.38,14.55,57,9/10/2026,3/28/2026
698,Hotdog,Main Course,Takeout,Debit Card,Member,7,13.16,0.4,16.25,47,1/15/2026,10/17/2026
699,Salad,Dessert,Takeout,Debit Card,Member,7,6.73,0.49,15.63,41,9/3/2026,9/28/2026
700,Pasta,Snack,Delivery,Credit Card,Regular,1,7.62,2.08,32.89,42,4/22/2026,6/17/2026
701,Pasta,Beverage,Delivery,Credit Card,Member,10,15.17,4.2,21.56,30,8/25/2026,12/27/2026
702,Hotdog,Beverage,Delivery,Debit Card,New,3,9.93,2.44,35.58,31,10/15/2026,8/2/2026
703,Salad,Snack,Dine-in,Maya,New,1,9.33,0.86,18.97,31,7/16/2026,11/7/2026
704,Fries,Fast Food,Takeout,Credit Card,New,3,12.64,4.46,17.46,29,2/24/2026,1/18/2026
705,Burger,Snack,Dine-in,Cash,New,7,18.35,0.95,35.28,23,12/5/2026,3/14/2026
706,Fries,Dessert,Delivery,Debit Card,New,3,18.4,1.52,20.34,22,1/19/2026,7/13/2026
707,Fried Chicken,Dessert,Dine-in,Maya,Member,9,14.18,2.23,40.59,59,3/29/2026,5/27/2026
708,Milk Tea,Main Course,Dine-in,GCash,Member,8,14.8,2.01,34.81,55,3/19/2026,11/6/2026
709,Fried Chicken,Main Course,Dine-in,GCash,Member,5,12.09,4.94,25.7,45,7/6/2026,5/15/2026
710,Salad,Main Course,Delivery,GCash,Regular,1,6.45,4.15,40.16,26,10/4/2026,2/21/2026
711,Salad,Beverage,Dine-in,Debit Card,New,3,10.1,0.61,16.05,43,3/16/2026,6/6/2026
712,Salad,Beverage,Delivery,Credit Card,New,3,6.25,0.96,29.9,57,2/3/2026,6/24/2026
713,Pasta,Dessert,Takeout,Debit Card,New,10,10.51,2.02,49.34,48,7/5/2026,12/28/2026
714,Fried Chicken,Snack,Dine-in,Credit Card,Regular,2,9.85,4.49,16.55,10,5/5/2026,6/10/2026
715,Rice Meal,Fast Food,Takeout,Maya,Member,1,19.89,1.85,28.59,27,11/30/2026,3/8/2026
716,Pasta,Dessert,Dine-in,Credit Card,Regular,7,8.73,1.89,14.09,57,4/12/2026,8/31/2026
717,Burger,Beverage,Takeout,Credit Card,New,7,5.29,0.19,16.79,44,2/13/2026,7/27/2026
718,Fries,Snack,Takeout,Credit Card,Regular,2,11.21,4.86,13.53,59,6/15/2026,5/8/2026
719,Sandwich,Beverage,Dine-in,Debit Card,Member,4,6.25,3.1,19.78,55,3/7/2026,7/14/2026
720,Rice Meal,Beverage,Delivery,Cash,New,3,10.74,0.84,31.58,21,4/28/2026,3/29/2026
721,Fried Chicken,Dessert,Dine-in,Cash,Member,8,16.21,2.21,47.04,57,5/5/2026,8/21/2026
722,Milk Tea,Fast Food,Dine-in,Cash,Member,4,15.19,0.83,11.01,27,4/25/2026,10/28/2026
723,Pasta,Beverage,Takeout,GCash,Regular,4,13.79,2.58,22.58,48,9/18/2026,4/8/2026
724,Pizza,Dessert,Takeout,Maya,Member,1,8.66,1.93,22.25,43,1/18/2026,1/22/2026
725,Burger,Fast Food,Delivery,Maya,New,7,14.84,0.14,31.71,56,12/17/2026,5/22/2026
726,Pasta,Fast Food,Dine-in,GCash,Regular,6,14.6,1.92,31.52,45,1/30/2026,3/19/2026
727,Salad,Snack,Takeout,Debit Card,New,1,15.09,2.89,37.86,32,4/17/2026,12/22/2026
728,Hotdog,Fast Food,Dine-in,Maya,Regular,10,14.54,4.79,33.85,21,3/14/2026,9/7/2026
729,Pizza,Snack,Delivery,Debit Card,Regular,7,19.87,1.92,48.14,35,10/3/2026,5/14/2026
730,Sandwich,Dessert,Delivery,Maya,Regular,10,16.69,4.57,21.7,19,8/19/2026,1/18/2026
731,Milk Tea,Fast Food,Dine-in,GCash,Regular,4,19.69,2.51,47.43,33,8/22/2026,6/23/2026
732,Sandwich,Beverage,Dine-in,Credit Card,Member,1,18.62,2.62,21.64,34,2/20/2026,5/21/2026
733,Fries,Main Course,Delivery,GCash,New,9,17.54,3.28,23.05,42,5/20/2026,4/30/2026
734,Fries,Beverage,Delivery,Debit Card,Regular,3,19.33,2.11,27.54,16,5/8/2026,2/7/2026
735,Burger,Snack,Dine-in,Debit Card,Regular,3,18.75,3.58,12.17,36,8/29/2026,1/1/2026
736,Sandwich,Dessert,Takeout,Cash,Regular,6,19.68,1.22,39.06,10,3/18/2026,1/19/2026
737,Milk Tea,Dessert,Dine-in,Debit Card,Member,3,16.38,3.94,49.37,45,5/17/2026,4/5/2026
738,Pasta,Fast Food,Delivery,GCash,Member,5,9.17,1.16,34.01,26,4/7/2026,4/22/2026
739,Burger,Dessert,Delivery,GCash,Regular,2,16.18,3.74,19.88,48,9/30/2026,1/16/2026
740,Fries,Beverage,Dine-in,Maya,Member,8,14.79,4.3,18.63,46,12/16/2026,10/19/2026
741,Burger,Fast Food,Dine-in,Maya,Regular,9,14.11,4.63,20.64,40,12/29/2026,11/16/2026
742,Rice Meal,Beverage,Dine-in,Cash,New,4,14.98,4.26,30.13,34,7/18/2026,7/13/2026
743,Hotdog,Beverage,Dine-in,GCash,New,5,14.12,0.04,36.02,27,1/20/2026,3/28/2026
744,Rice Meal,Fast Food,Takeout,GCash,Member,9,11.46,4.64,28.6,15,10/15/2026,10/1/2026
745,Fries,Main Course,Takeout,Credit Card,Regular,5,13.4,1.28,25.7,54,8/10/2026,12/11/2026
746,Hotdog,Dessert,Delivery,Maya,New,7,17.3,2.36,31.58,59,6/7/2026,11/29/2026
747,Rice Meal,Beverage,Delivery,GCash,Regular,2,15.18,0.42,24.21,22,5/19/2026,12/3/2026
748,Fries,Beverage,Takeout,Maya,Regular,8,9.63,0.02,46.15,11,10/10/2026,9/27/2026
749,Fried Chicken,Beverage,Dine-in,Credit Card,New,3,19.21,2.68,46.9,44,4/8/2026,7/7/2026
750,Pizza,Beverage,Dine-in,GCash,Member,5,17.11,1.7,41.46,27,1/15/2026,8/23/2026
751,Sandwich,Beverage,Delivery,GCash,Regular,10,11.1,3.8,10.06,30,4/5/2026,9/27/2026
752,Fries,Snack,Takeout,Cash,Regular,3,19.77,0.19,41.19,46,8/16/2026,12/22/2026
753,Hotdog,Fast Food,Dine-in,Maya,New,7,18.9,0.3,33.92,52,12/17/2026,3/3/2026
754,Fried Chicken,Main Course,Dine-in,GCash,New,7,14.71,4.8,39.64,25,8/8/2026,12/21/2026
755,Sandwich,Fast Food,Dine-in,Cash,Regular,9,19.87,4.47,24.16,27,3/15/2026,6/4/2026
756,Pizza,Beverage,Dine-in,GCash,Regular,7,17.23,3.96,36.06,20,3/19/2026,3/6/2026
757,Fried Chicken,Fast Food,Takeout,GCash,Regular,9,5.26,0.47,21.75,43,4/15/2026,9/30/2026
758,Pizza,Beverage,Dine-in,Credit Card,Member,1,5.65,0.37,11.25,54,2/12/2026,1/23/2026
759,Salad,Beverage,Takeout,Debit Card,Member,9,11.7,1.41,41.9,24,7/31/2026,6/15/2026
760,Fries,Beverage,Delivery,Cash,Member,5,7.47,4.4,43.59,53,6/18/2026,12/25/2026
761,Fried Chicken,Beverage,Dine-in,Cash,Member,7,10.07,4.76,14.53,60,4/23/2026,3/30/2026
762,Pasta,Main Course,Delivery,Credit Card,Regular,3,8.98,1.55,23.29,37,9/10/2026,7/13/2026
763,Fried Chicken,Dessert,Takeout,GCash,Member,8,15.77,1.44,11.71,15,4/12/2026,3/1/2026
764,Pizza,Main Course,Delivery,Maya,Regular,1,11.34,1.58,42.79,17,2/21/2026,10/9/2026
765,Milk Tea,Fast Food,Delivery,Debit Card,Regular,9,13.92,0.74,17.33,31,5/26/2026,4/29/2026
766,Rice Meal,Main Course,Delivery,Maya,Member,4,19.23,2.31,35.99,37,12/26/2026,4/3/2026
767,Burger,Main Course,Dine-in,Cash,New,1,9.49,3.02,14.72,55,9/30/2026,3/7/2026
768,Hotdog,Main Course,Takeout,Maya,Regular,2,9.64,4.53,33.36,36,4/27/2026,6/7/2026
769,Salad,Beverage,Takeout,Debit Card,Member,6,16.49,1.08,32.87,42,6/29/2026,10/25/2026
770,Sandwich,Main Course,Dine-in,Debit Card,Member,10,8.37,4.69,14.1,40,4/25/2026,7/11/2026
771,Pizza,Snack,Takeout,Cash,Regular,4,5.57,1.65,20.63,34,11/22/2026,8/27/2026
772,Pasta,Snack,Dine-in,Maya,Regular,3,10.64,2.69,10.86,39,5/29/2026,3/23/2026
773,Milk Tea,Beverage,Dine-in,Cash,Member,6,10.88,3.39,39.68,43,9/8/2026,2/18/2026
774,Salad,Beverage,Dine-in,GCash,Regular,7,17.11,2.6,11.33,55,8/6/2026,4/1/2026
775,Pasta,Snack,Dine-in,Cash,Regular,10,13.28,3.19,30.54,55,10/12/2026,11/13/2026
776,Rice Meal,Dessert,Takeout,Debit Card,Regular,5,16.42,0.71,38.51,21,1/13/2026,2/7/2026
777,Hotdog,Main Course,Dine-in,Credit Card,New,4,10.82,0.26,49.91,23,4/6/2026,7/3/2026
778,Milk Tea,Dessert,Delivery,Debit Card,New,2,10.69,1.34,34.73,22,1/31/2026,11/19/2026
779,Pizza,Beverage,Delivery,GCash,Member,5,10.79,3.76,28.7,57,7/28/2026,7/18/2026
780,Pasta,Dessert,Dine-in,Credit Card,New,2,15.81,0.43,33.8,18,7/30/2026,9/30/2026
781,Pasta,Main Course,Takeout,Debit Card,Member,8,16.76,4.92,19.72,44,1/9/2026,7/28/2026
782,Fried Chicken,Beverage,Delivery,Cash,Member,5,14.16,2.66,33.03,39,12/29/2026,2/22/2026
783,Fries,Main Course,Delivery,GCash,Regular,4,19.93,1.45,22.52,12,3/29/2026,9/26/2026
784,Fried Chicken,Snack,Takeout,Maya,New,8,18.22,4.44,38.0,26,8/15/2026,3/15/2026
785,Fried Chicken,Main Course,Dine-in,Debit Card,Regular,8,7.17,3.15,15.95,10,10/12/2026,11/10/2026
786,Burger,Dessert,Delivery,Maya,Member,1,14.05,3.28,27.06,42,11/28/2026,7/28/2026
787,Milk Tea,Fast Food,Delivery,Maya,Member,8,10.37,0.74,16.57,59,8/3/2026,4/18/2026
788,Milk Tea,Dessert,Dine-in,Debit Card,Regular,10,9.28,0.33,49.42,45,6/7/2026,11/5/2026
789,Sandwich,Snack,Dine-in,GCash,Member,5,7.4,1.2,36.3,58,1/24/2026,12/20/2026
790,Milk Tea,Snack,Takeout,Credit Card,Member,10,16.78,2.4,24.29,59,12/27/2026,7/1/2026
791,Pasta,Snack,Takeout,Maya,New,9,12.64,2.59,12.08,59,3/30/2026,7/22/2026
792,Sandwich,Beverage,Dine-in,Maya,Regular,5,11.86,2.75,33.13,33,11/26/2026,3/15/2026
793,Fries,Main Course,Takeout,Maya,Regular,10,15.78,1.63,20.65,10,10/30/2026,10/1/2026
794,Rice Meal,Main Course,Takeout,Debit Card,Regular,6,11.05,2.46,45.74,58,4/15/2026,6/23/2026
795,Fried Chicken,Beverage,Dine-in,Debit Card,Regular,10,10.33,2.67,40.42,35,7/29/2026,7/8/2026
796,Hotdog,Main Course,Dine-in,Credit Card,New,2,18.79,1.4,13.67,18,7/11/2026,9/10/2026
797,Milk Tea,Main Course,Takeout,Cash,Member,9,12.41,4.52,17.59,14,11/5/2026,2/27/2026
798,Sandwich,Snack,Takeout,Credit Card,Member,5,8.55,4.0,32.35,25,8/19/2026,9/28/2026
799,Burger,Beverage,Dine-in,GCash,Member,7,15.07,4.9,34.71,22,11/26/2026,2/22/2026
800,Fries,Snack,Delivery,GCash,Member,2,6.97,2.43,17.38,30,9/5/2026,11/8/2026
801,Salad,Beverage,Delivery,Debit Card,Member,8,8.13,4.1,21.81,32,8/4/2026,11/17/2026
802,Hotdog,Dessert,Delivery,GCash,New,3,7.81,4.26,23.78,16,4/28/2026,4/8/2026
803,Rice Meal,Main Course,Delivery,Debit Card,Member,3,13.3,4.66,43.39,36,9/11/2026,3/13/2026
804,Rice Meal,Snack,Takeout,Credit Card,Member,1,16.45,1.71,14.97,13,3/16/2026,6/27/2026
805,Pasta,Fast Food,Delivery,Cash,New,4,18.89,3.24,48.48,17,5/18/2026,9/28/2026
806,Pizza,Fast Food,Dine-in,Cash,New,1,9.89,3.43,24.08,16,10/28/2026,3/22/2026
807,Milk Tea,Fast Food,Takeout,Credit Card,Regular,8,5.59,1.98,20.68,53,1/8/2026,9/18/2026
808,Milk Tea,Dessert,Dine-in,GCash,Member,8,12.97,3.26,47.87,42,9/16/2026,6/18/2026
809,Fried Chicken,Beverage,Takeout,Debit Card,New,10,14.9,2.88,46.51,15,5/5/2026,5/14/2026
810,Fries,Fast Food,Takeout,GCash,New,7,18.38,2.51,26.23,31,2/6/2026,5/29/2026
811,Fries,Snack,Takeout,Cash,New,4,5.95,4.29,13.46,27,4/26/2026,6/16/2026
812,Fries,Beverage,Delivery,GCash,Regular,1,11.91,4.03,39.22,33,7/30/2026,11/12/2026
813,Fried Chicken,Snack,Delivery,Cash,New,3,19.65,1.12,41.17,51,10/29/2026,1/7/2026
814,Rice Meal,Fast Food,Delivery,GCash,Regular,3,13.25,3.79,35.4,59,9/12/2026,12/2/2026
815,Rice Meal,Beverage,Takeout,Maya,New,8,10.97,3.99,11.16,25,5/21/2026,11/4/2026
816,Salad,Dessert,Takeout,Cash,Member,4,11.18,3.06,37.82,40,11/14/2026,6/7/2026
817,Pizza,Beverage,Delivery,GCash,New,5,18.93,0.63,39.88,38,3/29/2026,8/13/2026
818,Sandwich,Beverage,Takeout,Cash,Regular,5,17.15,0.32,32.6,33,9/20/2026,1/7/2026
819,Salad,Dessert,Delivery,Maya,Regular,3,5.49,1.83,40.07,41,1/18/2026,11/22/2026
820,Fries,Dessert,Delivery,Debit Card,New,10,13.22,1.17,23.48,15,2/10/2026,3/5/2026
821,Burger,Fast Food,Delivery,Cash,Regular,1,11.75,1.36,21.8,38,1/17/2026,4/25/2026
822,Milk Tea,Fast Food,Delivery,Cash,New,8,11.0,1.62,29.41,50,5/9/2026,6/15/2026
823,Burger,Fast Food,Delivery,Debit Card,Member,5,9.51,3.89,23.53,23,4/26/2026,5/9/2026
824,Sandwich,Fast Food,Delivery,Cash,Member,10,11.18,4.42,48.87,27,9/23/2026,6/26/2026
825,Milk Tea,Main Course,Delivery,Cash,Regular,8,19.31,2.84,41.62,54,4/25/2026,4/4/2026
826,Pizza,Fast Food,Dine-in,Cash,Regular,7,19.54,3.33,18.33,45,4/16/2026,10/21/2026
827,Rice Meal,Snack,Dine-in,Maya,Regular,3,8.81,0.7,25.32,39,6/22/2026,8/29/2026
828,Fries,Snack,Dine-in,GCash,Member,1,10.02,2.44,43.27,12,6/3/2026,8/16/2026
829,Rice Meal,Fast Food,Takeout,Credit Card,Member,5,18.17,4.89,26.41,21,6/29/2026,5/2/2026
830,Milk Tea,Main Course,Delivery,Credit Card,New,8,6.65,3.45,47.59,19,6/28/2026,2/7/2026
831,Burger,Snack,Dine-in,GCash,New,9,6.43,0.07,33.59,27,6/20/2026,11/26/2026
832,Salad,Beverage,Takeout,Debit Card,Member,6,7.28,3.89,35.83,21,3/17/2026,1/5/2026
833,Salad,Dessert,Dine-in,GCash,Member,8,7.81,2.55,13.9,52,8/19/2026,5/2/2026
834,Rice Meal,Beverage,Delivery,Credit Card,Regular,2,14.3,2.81,38.11,47,7/24/2026,11/8/2026
835,Pasta,Snack,Takeout,Cash,Member,7,10.0,2.31,43.93,42,1/8/2026,4/15/2026
836,Pizza,Fast Food,Dine-in,Debit Card,Member,6,12.22,4.84,23.89,16,12/29/2026,10/30/2026
837,Hotdog,Dessert,Delivery,Credit Card,Member,4,17.29,3.13,48.76,31,11/24/2026,3/30/2026
838,Rice Meal,Beverage,Dine-in,GCash,Regular,9,11.23,4.73,36.34,22,3/3/2026,8/14/2026
839,Rice Meal,Main Course,Dine-in,GCash,Member,8,11.24,2.47,20.18,18,1/16/2026,9/1/2026
840,Hotdog,Dessert,Takeout,Debit Card,New,1,11.09,0.43,23.31,25,10/22/2026,7/9/2026
841,Rice Meal,Snack,Delivery,Maya,Regular,8,19.49,2.37,27.3,29,4/7/2026,10/12/2026
842,Hotdog,Snack,Delivery,Maya,Regular,9,16.99,4.2,15.46,35,3/15/2026,12/3/2026
843,Pizza,Beverage,Takeout,Maya,Regular,4,8.31,2.32,27.26,45,6/5/2026,8/1/2026
844,Sandwich,Fast Food,Delivery,Maya,Member,2,16.72,4.03,39.6,30,11/4/2026,2/16/2026
845,Milk Tea,Main Course,Dine-in,GCash,Member,6,18.58,0.67,23.77,45,7/7/2026,10/19/2026
846,Salad,Snack,Takeout,Maya,New,6,10.31,0.32,24.26,19,7/29/2026,1/21/2026
847,Salad,Main Course,Takeout,Debit Card,Member,3,12.18,0.82,40.28,54,1/3/2026,4/17/2026
848,Rice Meal,Dessert,Takeout,Cash,Member,1,8.83,2.18,48.53,51,3/3/2026,12/28/2026
849,Burger,Beverage,Dine-in,GCash,Regular,5,16.82,4.83,14.14,57,12/8/2026,2/17/2026
850,Burger,Beverage,Takeout,Credit Card,New,8,6.49,2.39,46.2,35,6/18/2026,4/10/2026
851,Pizza,Main Course,Takeout,Debit Card,Member,7,11.29,1.63,35.21,55,1/20/2026,2/14/2026
852,Pasta,Dessert,Delivery,Credit Card,New,9,14.1,4.71,25.5,33,9/28/2026,8/13/2026
853,Fries,Fast Food,Dine-in,GCash,Member,8,8.05,2.54,26.03,40,11/26/2026,12/30/2026
854,Fries,Beverage,Takeout,Credit Card,Regular,2,19.21,4.43,29.84,32,4/27/2026,8/23/2026
855,Pasta,Dessert,Dine-in,GCash,Member,2,18.51,3.45,35.05,12,4/23/2026,2/19/2026
856,Pizza,Dessert,Takeout,Cash,Member,1,13.97,4.31,26.71,44,8/18/2026,6/5/2026
857,Sandwich,Dessert,Delivery,GCash,Member,10,15.13,2.09,23.85,53,6/16/2026,11/13/2026
858,Milk Tea,Snack,Takeout,Debit Card,Regular,10,18.24,3.13,47.4,36,11/7/2026,5/2/2026
859,Burger,Fast Food,Dine-in,Maya,Regular,7,7.09,2.61,42.42,27,4/25/2026,4/3/2026
860,Pasta,Snack,Dine-in,Cash,New,4,7.54,4.6,26.83,10,7/3/2026,3/20/2026
861,Pizza,Beverage,Takeout,Maya,Regular,10,6.72,2.06,36.75,29,6/24/2026,5/11/2026
862,Rice Meal,Fast Food,Dine-in,Cash,Regular,3,5.5,4.53,12.47,13,3/8/2026,4/25/2026
863,Fries,Beverage,Takeout,Maya,Regular,8,15.94,4.92,27.75,41,7/15/2026,2/24/2026
864,Fries,Fast Food,Takeout,Debit Card,Member,6,5.1,3.44,49.23,40,11/18/2026,7/4/2026
865,Fried Chicken,Beverage,Dine-in,GCash,Regular,8,10.2,2.2,14.74,57,8/28/2026,1/2/2026
866,Salad,Dessert,Dine-in,GCash,Regular,8,6.31,1.5,13.54,35,10/31/2026,5/27/2026
867,Fries,Dessert,Delivery,Debit Card,Member,8,8.82,0.87,14.03,40,11/2/2026,4/20/2026
868,Salad,Beverage,Delivery,GCash,New,2,17.95,0.64,21.57,51,8/15/2026,8/7/2026
869,Rice Meal,Fast Food,Takeout,Credit Card,New,3,6.27,3.68,37.42,57,3/20/2026,12/29/2026
870,Hotdog,Snack,Delivery,Maya,New,6,11.37,1.0,14.04,11,4/20/2026,10/16/2026
871,Burger,Main Course,Delivery,Debit Card,New,6,5.38,3.01,35.68,36,5/15/2026,3/1/2026
872,Milk Tea,Beverage,Delivery,Credit Card,Member,10,7.35,0.41,17.99,51,1/14/2026,10/14/2026
873,Pizza,Dessert,Delivery,Credit Card,New,8,9.05,2.27,34.07,16,8/4/2026,4/5/2026
874,Milk Tea,Snack,Delivery,Credit Card,New,8,14.61,2.25,47.61,48,11/21/2026,3/5/2026
875,Rice Meal,Snack,Takeout,Cash,Regular,4,14.34,1.14,22.6,42,3/20/2026,1/11/2026
876,Fried Chicken,Fast Food,Dine-in,Maya,Regular,4,11.64,2.82,12.64,30,1/24/2026,2/17/2026
877,Salad,Snack,Takeout,Cash,Member,2,16.67,3.72,35.19,24,2/14/2026,3/25/2026
878,Pasta,Beverage,Dine-in,Debit Card,New,8,11.4,4.9,34.44,34,3/11/2026,6/10/2026
879,Pizza,Fast Food,Takeout,GCash,Regular,1,10.43,0.08,36.87,17,6/11/2026,9/15/2026
880,Burger,Dessert,Takeout,Debit Card,Member,7,11.8,0.72,11.94,26,10/6/2026,6/7/2026
881,Salad,Beverage,Takeout,Maya,Regular,2,9.76,2.58,37.62,49,6/18/2026,2/15/2026
882,Milk Tea,Main Course,Delivery,Maya,Regular,5,11.98,4.57,44.66,18,9/18/2026,3/18/2026
883,Burger,Snack,Takeout,Debit Card,New,2,14.37,2.33,25.51,10,2/21/2026,8/20/2026
884,Milk Tea,Snack,Delivery,GCash,Regular,9,19.76,0.81,19.05,52,10/24/2026,1/10/2026
885,Milk Tea,Fast Food,Delivery,Maya,Regular,3,12.29,3.27,19.76,50,6/27/2026,3/30/2026
886,Pizza,Beverage,Takeout,Debit Card,Regular,3,10.86,0.7,21.89,11,8/25/2026,5/9/2026
887,Pasta,Snack,Dine-in,Debit Card,Regular,4,12.59,2.11,39.65,31,12/25/2026,10/20/2026
888,Sandwich,Main Course,Dine-in,GCash,Member,7,8.43,3.51,28.74,20,1/28/2026,6/26/2026
889,Fries,Beverage,Delivery,GCash,New,6,15.73,4.92,41.89,36,1/4/2026,9/29/2026
890,Rice Meal,Main Course,Delivery,Cash,Regular,9,13.74,4.11,27.4,19,4/30/2026,12/15/2026
891,Milk Tea,Dessert,Dine-in,GCash,New,9,6.1,4.4,44.24,57,12/20/2026,11/6/2026
892,Hotdog,Main Course,Dine-in,Cash,New,1,9.29,4.73,11.52,19,5/2/2026,12/25/2026
893,Milk Tea,Beverage,Takeout,Maya,Member,6,12.69,0.28,29.38,27,8/16/2026,8/26/2026
894,Pizza,Beverage,Delivery,Maya,New,9,11.69,2.55,47.64,31,3/30/2026,4/10/2026
895,Milk Tea,Fast Food,Delivery,Credit Card,Regular,9,10.43,0.14,33.57,27,12/19/2026,3/21/2026
896,Burger,Main Course,Delivery,Maya,Member,6,8.82,2.64,20.16,12,8/20/2026,4/13/2026
897,Salad,Snack,Dine-in,Maya,New,5,7.25,2.14,25.06,17,2/26/2026,2/18/2026
898,Hotdog,Fast Food,Delivery,Cash,New,10,5.8,0.15,40.49,36,9/17/2026,6/25/2026
899,Salad,Snack,Dine-in,Cash,New,10,6.24,2.43,32.61,40,2/12/2026,7/14/2026
900,Fried Chicken,Snack,Takeout,Cash,Regular,10,12.02,4.67,35.38,23,10/22/2026,9/28/2026
901,Hotdog,Fast Food,Takeout,Credit Card,Member,5,11.72,0.32,33.17,11,11/14/2026,4/23/2026
902,Fried Chicken,Main Course,Takeout,Maya,New,9,17.15,0.98,10.87,21,6/18/2026,2/22/2026
903,Salad,Snack,Takeout,GCash,Regular,4,6.3,3.89,22.91,37,10/14/2026,6/13/2026
904,Sandwich,Main Course,Dine-in,GCash,New,1,16.14,3.52,18.05,28,10/4/2026,2/27/2026
905,Pasta,Fast Food,Takeout,Debit Card,New,8,10.27,3.39,43.13,58,10/4/2026,11/13/2026
906,Sandwich,Snack,Dine-in,Maya,New,6,18.95,4.13,38.03,59,4/3/2026,6/26/2026
907,Pasta,Beverage,Dine-in,Cash,Member,10,14.39,0.63,39.61,47,9/11/2026,1/13/2026
908,Pasta,Snack,Takeout,GCash,Member,6,11.25,3.21,26.49,43,8/27/2026,4/16/2026
909,Milk Tea,Snack,Takeout,Credit Card,Regular,10,8.71,2.69,44.34,41,9/24/2026,7/21/2026
910,Salad,Main Course,Takeout,GCash,Regular,6,5.05,4.87,34.59,21,6/9/2026,8/24/2026
911,Pizza,Main Course,Takeout,GCash,New,4,5.94,2.6,39.75,42,2/1/2026,12/21/2026
912,Sandwich,Beverage,Dine-in,GCash,New,8,7.26,4.25,46.9,52,11/2/2026,2/28/2026
913,Fried Chicken,Main Course,Dine-in,Maya,New,2,6.08,2.23,11.15,26,2/7/2026,4/8/2026
914,Pizza,Dessert,Takeout,Debit Card,Regular,2,9.18,3.6,20.91,42,5/26/2026,5/6/2026
915,Pasta,Fast Food,Dine-in,Cash,Member,3,10.74,2.65,38.46,10,4/30/2026,4/25/2026
916,Pasta,Main Course,Takeout,Credit Card,Regular,6,12.24,1.34,26.29,47,3/26/2026,2/18/2026
917,Pasta,Snack,Dine-in,Credit Card,Member,3,6.75,1.59,47.5,19,2/7/2026,11/13/2026
918,Salad,Main Course,Takeout,Credit Card,Member,1,19.32,0.24,24.85,22,9/23/2026,10/9/2026
919,Milk Tea,Dessert,Dine-in,Maya,New,3,14.32,2.01,35.08,16,10/25/2026,4/3/2026
920,Milk Tea,Dessert,Delivery,Credit Card,New,5,16.01,4.98,11.16,28,6/11/2026,6/27/2026
921,Milk Tea,Snack,Dine-in,Credit Card,Member,4,7.95,2.5,47.92,22,6/1/2026,8/26/2026
922,Fries,Snack,Dine-in,GCash,Regular,8,19.01,2.73,47.11,22,7/12/2026,9/12/2026
923,Fried Chicken,Main Course,Dine-in,GCash,New,5,19.88,2.82,24.56,21,1/20/2026,6/27/2026
924,Burger,Dessert,Dine-in,Cash,Regular,3,17.78,3.96,34.79,44,9/27/2026,2/28/2026
925,Fried Chicken,Snack,Takeout,Debit Card,Regular,7,9.31,3.79,45.73,51,9/8/2026,8/22/2026
926,Rice Meal,Fast Food,Dine-in,Credit Card,Regular,8,8.61,2.75,37.71,44,4/27/2026,6/24/2026
927,Salad,Fast Food,Delivery,Debit Card,Member,5,7.75,4.09,18.65,55,10/25/2026,12/1/2026
928,Salad,Beverage,Takeout,Credit Card,Regular,4,19.88,4.53,40.81,44,5/1/2026,7/23/2026
929,Burger,Snack,Takeout,Credit Card,Member,1,14.97,4.1,42.46,11,8/2/2026,1/8/2026
930,Rice Meal,Snack,Dine-in,Debit Card,Member,8,14.55,2.51,23.15,39,12/4/2026,11/27/2026
931,Fries,Fast Food,Takeout,Maya,New,3,16.69,1.63,25.33,42,3/29/2026,11/23/2026
932,Burger,Dessert,Delivery,GCash,Regular,5,16.63,3.18,39.23,23,8/8/2026,8/21/2026
933,Pizza,Fast Food,Dine-in,Debit Card,New,4,13.74,0.44,13.25,30,2/6/2026,8/31/2026
934,Milk Tea,Beverage,Takeout,Maya,Member,10,15.8,0.63,24.53,21,1/10/2026,4/5/2026
935,Salad,Dessert,Dine-in,Maya,Member,10,10.72,1.06,30.82,20,8/20/2026,11/23/2026
936,Milk Tea,Beverage,Takeout,Maya,Regular,10,17.35,1.24,39.78,13,12/7/2026,4/9/2026
937,Fried Chicken,Main Course,Dine-in,Credit Card,Member,6,9.41,1.95,16.91,47,1/8/2026,6/26/2026
938,Hotdog,Fast Food,Takeout,GCash,Regular,2,10.15,0.83,29.01,39,7/19/2026,3/18/2026
939,Burger,Fast Food,Takeout,Cash,Regular,2,10.3,0.35,43.31,17,2/4/2026,5/19/2026
940,Fries,Main Course,Takeout,Cash,Member,6,5.84,3.49,48.6,27,1/18/2026,4/8/2026
941,Salad,Main Course,Dine-in,GCash,New,2,9.44,1.81,16.06,31,7/15/2026,6/20/2026
942,Rice Meal,Snack,Delivery,GCash,New,2,9.44,3.08,20.84,14,11/1/2026,2/21/2026
943,Sandwich,Main Course,Dine-in,Debit Card,Member,4,12.64,0.37,30.59,49,3/22/2026,10/5/2026
944,Salad,Dessert,Dine-in,Debit Card,New,2,14.11,1.12,23.36,28,5/27/2026,5/27/2026
945,Hotdog,Main Course,Dine-in,Cash,Member,8,12.8,4.03,16.57,60,11/14/2026,6/25/2026
946,Pizza,Beverage,Dine-in,GCash,New,10,15.79,1.01,48.09,33,10/13/2026,11/22/2026
947,Milk Tea,Fast Food,Takeout,Cash,Regular,3,5.55,4.38,48.04,38,5/4/2026,5/25/2026
948,Pizza,Beverage,Dine-in,Credit Card,Regular,10,6.22,0.46,38.63,46,5/14/2026,8/8/2026
949,Burger,Fast Food,Delivery,Cash,New,3,17.02,3.09,11.74,26,9/12/2026,9/7/2026
950,Milk Tea,Fast Food,Delivery,Maya,New,10,6.85,0.05,42.56,57,7/17/2026,1/23/2026
951,Fries,Beverage,Takeout,Credit Card,New,4,8.84,4.78,15.99,48,2/6/2026,5/30/2026
952,Sandwich,Fast Food,Delivery,Credit Card,Regular,10,17.16,3.3,12.97,38,1/30/2026,6/23/2026
953,Pasta,Main Course,Dine-in,Credit Card,Regular,8,9.66,2.8,27.88,10,4/24/2026,1/27/2026
954,Fried Chicken,Fast Food,Dine-in,GCash,Member,7,6.99,2.37,25.07,41,8/9/2026,11/24/2026
955,Fries,Fast Food,Delivery,Cash,Regular,10,14.29,2.29,47.47,32,12/14/2026,10/13/2026
956,Burger,Fast Food,Delivery,Credit Card,Member,9,9.04,0.98,32.11,44,9/18/2026,6/13/2026
957,Sandwich,Main Course,Takeout,Debit Card,Regular,6,14.06,4.96,20.16,48,8/3/2026,11/18/2026
958,Hotdog,Main Course,Takeout,GCash,Member,5,5.82,4.84,39.38,58,4/15/2026,5/10/2026
959,Burger,Beverage,Takeout,Maya,New,7,19.13,0.41,30.62,23,11/13/2026,1/26/2026
960,Pasta,Beverage,Takeout,Debit Card,Regular,9,16.98,3.8,38.33,46,9/5/2026,4/7/2026
961,Pizza,Dessert,Dine-in,Maya,Regular,1,19.29,2.86,40.33,10,4/28/2026,6/19/2026
962,Fries,Snack,Dine-in,Cash,New,2,6.9,1.62,46.95,14,12/9/2026,11/18/2026
963,Fries,Snack,Takeout,Maya,Member,9,8.36,2.9,49.77,27,12/22/2026,6/8/2026
964,Pasta,Dessert,Takeout,Maya,Member,3,9.89,0.96,19.96,57,4/16/2026,7/1/2026
965,Pasta,Fast Food,Delivery,GCash,Member,8,19.68,0.54,39.55,30,10/10/2026,7/12/2026
966,Hotdog,Dessert,Dine-in,Maya,New,5,18.33,2.67,22.64,18,8/2/2026,5/28/2026
967,Milk Tea,Snack,Takeout,Cash,New,9,12.36,1.65,16.59,24,4/20/2026,6/18/2026
968,Rice Meal,Dessert,Takeout,GCash,New,2,9.18,1.52,49.21,13,3/19/2026,6/29/2026
969,Fries,Main Course,Takeout,Credit Card,Regular,7,5.66,1.19,23.87,23,3/4/2026,5/5/2026
970,Fries,Main Course,Delivery,Debit Card,Member,9,12.15,2.74,29.35,15,4/10/2026,3/17/2026
971,Rice Meal,Beverage,Dine-in,Debit Card,Member,5,19.97,1.66,36.37,27,8/10/2026,4/2/2026
972,Sandwich,Beverage,Delivery,Credit Card,Member,7,10.13,3.49,17.15,26,9/10/2026,1/14/2026
973,Hotdog,Dessert,Takeout,Cash,Regular,5,19.54,2.03,17.03,20,11/19/2026,1/9/2026
974,Fries,Dessert,Dine-in,Debit Card,New,3,12.15,3.54,13.1,44,6/25/2026,5/22/2026
975,Burger,Snack,Delivery,Maya,Member,4,11.56,4.24,48.09,31,8/15/2026,2/25/2026
976,Fried Chicken,Fast Food,Dine-in,Cash,Regular,8,16.47,0.17,49.39,52,5/26/2026,2/14/2026
977,Fried Chicken,Beverage,Dine-in,Cash,Regular,9,16.12,3.76,10.61,35,3/10/2026,12/24/2026
978,Milk Tea,Fast Food,Dine-in,Maya,Regular,1,19.13,3.04,30.16,38,1/22/2026,11/7/2026
979,Fried Chicken,Dessert,Dine-in,Credit Card,Regular,1,8.98,4.23,16.9,41,1/31/2026,6/10/2026
980,Burger,Dessert,Dine-in,GCash,New,8,11.69,3.0,17.88,30,9/5/2026,5/8/2026
981,Fried Chicken,Main Course,Dine-in,Credit Card,New,2,12.74,0.96,24.92,27,5/29/2026,4/21/2026
982,Salad,Main Course,Dine-in,Maya,Regular,9,15.97,0.41,11.41,10,9/19/2026,7/28/2026
983,Fried Chicken,Dessert,Dine-in,GCash,Regular,1,6.5,1.49,24.61,51,5/15/2026,2/24/2026
984,Milk Tea,Beverage,Dine-in,GCash,New,8,12.68,3.15,35.73,47,8/23/2026,6/14/2026
985,Fried Chicken,Dessert,Takeout,Maya,Regular,8,11.42,1.03,30.32,19,8/11/2026,3/4/2026
986,Pizza,Dessert,Delivery,Debit Card,Regular,5,11.89,3.45,42.33,13,10/26/2026,10/29/2026
987,Pasta,Snack,Dine-in,Credit Card,New,6,5.01,4.66,24.72,48,11/24/2026,4/28/2026
988,Hotdog,Snack,Dine-in,Debit Card,Regular,10,12.19,2.77,44.38,45,11/21/2026,7/13/2026
989,Sandwich,Snack,Takeout,Credit Card,New,7,7.09,0.21,47.94,57,3/19/2026,5/7/2026
990,Hotdog,Dessert,Takeout,Maya,New,10,5.91,3.5,25.99,30,4/11/2026,12/19/2026
991,Sandwich,Dessert,Takeout,GCash,New,7,11.54,1.26,13.14,10,12/9/2026,4/10/2026
992,Sandwich,Snack,Takeout,Credit Card,New,3,17.0,2.82,33.9,21,5/17/2026,12/13/2026
993,Rice Meal,Beverage,Dine-in,Credit Card,New,3,9.29,0.94,20.55,38,10/15/2026,2/21/2026
994,Fries,Fast Food,Dine-in,GCash,Member,2,13.82,3.0,21.06,46,3/17/2026,8/22/2026
995,Milk Tea,Snack,Delivery,Maya,New,8,9.03,4.29,13.92,13,11/25/2026,10/12/2026
996,Pasta,Fast Food,Delivery,Credit Card,Regular,10,15.48,0.22,46.33,15,3/29/2026,4/16/2026
997,Fries,Beverage,Takeout,Credit Card,New,3,19.17,1.1,44.64,46,6/4/2026,8/22/2026
998,Rice Meal,Fast Food,Delivery,GCash,New,1,18.17,2.62,36.28,39,2/3/2026,7/5/2026
999,Sandwich,Dessert,Dine-in,Maya,New,9,13.2,4.74,31.9,32,5/2/2026,10/11/2026
1000,Pizza,Beverage,Delivery,Debit Card,Regular,2,15.85,2.35,35.09,57,8/10/2026,6/24/2026
